order_id,line_no,product_id,quantity,unit_price
500000,1,33,6,477.74
500000,2,40,8,1750.72
500000,3,10,4,1214.73
500000,4,29,5,384.11
500000,5,46,6,1152.10
500001,1,68,4,1363.70
500001,2,16,9,2356.90
500001,3,32,6,407.59
500002,1,68,10,1363.70
500003,1,79,11,2278.76
500003,2,39,1,2271.53
500003,3,25,11,1473.95
500003,4,9,8,1495.50
500004,1,9,12,1495.50
500004,2,48,1,1688.96
500005,1,77,12,2185.65
500005,2,27,10,187.01
500006,1,52,12,383.58
500006,2,26,1,239.76
500006,3,29,4,384.11
500006,4,46,5,1152.10
500007,1,78,4,1122.70
500007,2,73,12,1772.50
500008,1,25,12,1473.95
500008,2,14,6,2132.76
500008,3,8,2,1325.76
500009,1,63,5,294.89
500009,2,78,9,1122.70
500010,1,54,2,2254.60
500010,2,70,6,1979.33
500011,1,6,8,2258.60
500011,2,45,4,2209.75
500011,3,35,11,1591.38
500011,4,25,9,1473.95
500011,5,37,3,1326.99
500012,1,25,6,1473.95
500012,2,37,2,1326.99
500013,1,64,10,1121.24
500014,1,43,3,2385.94
500014,2,10,7,1214.73
500014,3,60,3,1300.47
500015,1,16,3,2356.90
500015,2,28,1,2201.73
500015,3,30,10,1381.62
500015,4,30,8,1381.62
500015,5,12,12,941.52
500016,1,5,11,685.97
500017,1,35,3,1591.38
500017,2,33,12,477.74
500018,1,7,2,2109.86
500018,2,56,12,815.87
500018,3,33,9,477.74
500019,1,43,11,2385.94
500019,2,16,12,2356.90
500019,3,21,10,1982.22
500019,4,71,5,2281.99
500020,1,60,10,1300.47
500021,1,46,11,1152.10
500021,2,30,10,1381.62
500021,3,29,12,384.11
500021,4,50,9,335.66
500021,5,55,12,847.82
500022,1,13,12,2145.32
500022,2,74,9,2446.86
500022,3,75,3,2038.15
500023,1,57,3,1292.95
500023,2,31,6,1005.35
500023,3,60,5,1300.47
500024,1,39,2,2271.53
500025,1,2,5,2272.44
500025,2,40,10,1750.72
500025,3,70,3,1979.33
500025,4,62,8,434.82
500025,5,26,9,239.76
500026,1,50,1,335.66
500026,2,35,11,1591.38
500027,1,64,9,1121.24
500028,1,65,3,2279.63
500028,2,77,2,2185.65
500028,3,58,11,1904.52
500029,1,56,10,815.87
500030,1,58,5,1904.52
500030,2,52,7,383.58
500031,1,65,11,2279.63
500032,1,40,8,1750.72
500032,2,4,3,37.02
500032,3,12,5,941.52
500032,4,22,4,2146.75
500033,1,34,11,1016.01
500033,2,45,6,2209.75
500033,3,25,7,1473.95
500033,4,40,12,1750.72
500033,5,63,3,294.89
500034,1,10,6,1214.73
500034,2,71,6,2281.99
500035,1,51,1,1222.92
500035,2,30,3,1381.62
500035,3,75,9,2038.15
500036,1,69,3,863.30
500036,2,28,8,2201.73
500036,3,40,5,1750.72
500037,1,53,10,219.27
500037,2,40,3,1750.72
500037,3,59,9,1554.15
500037,4,23,12,2162.90
500037,5,80,9,10.49
500038,1,43,6,2385.94
500038,2,64,4,1121.24
500038,3,24,8,1205.50
500038,4,46,6,1152.10
500039,1,61,11,2166.02
500039,2,24,1,1205.50
500040,1,2,11,2272.44
500040,2,70,6,1979.33
500040,3,55,9,847.82
500040,4,2,1,2272.44
500041,1,59,12,1554.15
500041,2,25,8,1473.95
500041,3,46,5,1152.10
500042,1,18,9,2437.29
500042,2,80,2,10.49
500042,3,68,5,1363.70
500042,4,56,1,815.87
500043,1,54,7,2254.60
500044,1,57,3,1292.95
500044,2,60,5,1300.47
500045,1,40,8,1750.72
500045,2,46,9,1152.10
500046,1,14,4,2132.76
500046,2,72,7,468.44
500046,3,27,4,187.01
500046,4,75,9,2038.15
500046,5,53,6,219.27
500047,1,58,9,1904.52
500047,2,29,5,384.11
500047,3,67,8,1517.13
500047,4,28,1,2201.73
500047,5,62,2,434.82
500048,1,42,3,521.56
500048,2,42,10,521.56
500048,3,63,9,294.89
500048,4,2,8,2272.44
500048,5,11,6,1495.01
500049,1,35,5,1591.38
500049,2,21,11,1982.22
500049,3,69,5,863.30
500049,4,73,9,1772.50
500050,1,65,5,2279.63
500050,2,29,7,384.11
500050,3,8,1,1325.76
500050,4,24,6,1205.50
500051,1,48,12,1688.96
500051,2,32,9,407.59
500051,3,76,10,2240.06
500051,4,26,7,239.76
500051,5,52,4,383.58
500052,1,41,9,1329.27
500052,2,7,7,2109.86
500052,3,72,8,468.44
500053,1,68,11,1363.70
500053,2,60,9,1300.47
500053,3,60,12,1300.47
500053,4,28,6,2201.73
500053,5,74,10,2446.86
500054,1,41,3,1329.27
500054,2,71,12,2281.99
500054,3,21,12,1982.22
500054,4,4,10,37.02
500055,1,59,6,1554.15
500055,2,75,5,2038.15
500056,1,3,3,103.28
500057,1,5,10,685.97
500057,2,24,2,1205.50
500058,1,79,12,2278.76
500058,2,67,2,1517.13
500058,3,59,10,1554.15
500059,1,71,6,2281.99
500059,2,31,7,1005.35
500059,3,73,6,1772.50
500059,4,72,5,468.44
500059,5,13,9,2145.32
500060,1,30,6,1381.62
500060,2,48,12,1688.96
500060,3,74,11,2446.86
500061,1,30,11,1381.62
500062,1,74,1,2446.86
500062,2,66,1,1227.01
500063,1,66,1,1227.01
500064,1,17,12,2270.34
500064,2,5,1,685.97
500064,3,80,7,10.49
500064,4,80,11,10.49
500064,5,4,8,37.02
500065,1,44,1,1768.82
500065,2,3,10,103.28
500066,1,54,5,2254.60
500066,2,33,4,477.74
500066,3,52,9,383.58
500066,4,56,10,815.87
500067,1,9,1,1495.50
500067,2,35,3,1591.38
500067,3,26,4,239.76
500067,4,64,3,1121.24
500068,1,59,8,1554.15
500068,2,60,11,1300.47
500068,3,69,1,863.30
500068,4,40,9,1750.72
500068,5,44,10,1768.82
500069,1,71,12,2281.99
500069,2,4,1,37.02
500069,3,30,4,1381.62
500069,4,53,6,219.27
500070,1,10,5,1214.73
500070,2,2,2,2272.44
500070,3,34,1,1016.01
500070,4,53,8,219.27
500070,5,62,11,434.82
500071,1,79,9,2278.76
500071,2,49,1,40.14
500071,3,5,11,685.97
500072,1,69,8,863.30
500072,2,11,3,1495.01
500073,1,41,4,1329.27
500073,2,52,11,383.58
500073,3,74,9,2446.86
500073,4,39,3,2271.53
500074,1,16,10,2356.90
500074,2,66,2,1227.01
500074,3,14,9,2132.76
500075,1,4,3,37.02
500075,2,14,4,2132.76
500075,3,31,2,1005.35
500075,4,67,11,1517.13
500076,1,36,9,1708.92
500076,2,17,2,2270.34
500076,3,44,11,1768.82
500076,4,29,3,384.11
500077,1,72,7,468.44
500077,2,2,11,2272.44
500077,3,54,2,2254.60
500077,4,2,3,2272.44
500077,5,16,7,2356.90
500078,1,19,6,237.18
500078,2,50,11,335.66
500079,1,16,2,2356.90
500079,2,36,12,1708.92
500080,1,7,12,2109.86
500081,1,47,1,2373.43
500082,1,39,11,2271.53
500082,2,60,4,1300.47
500082,3,45,12,2209.75
500083,1,25,11,1473.95
500084,1,4,6,37.02
500085,1,37,4,1326.99
500085,2,40,4,1750.72
500085,3,16,3,2356.90
500086,1,40,3,1750.72
500086,2,51,8,1222.92
500086,3,65,1,2279.63
500086,4,56,10,815.87
500086,5,37,2,1326.99
500087,1,69,1,863.30
500087,2,27,12,187.01
500087,3,30,11,1381.62
500088,1,23,11,2162.90
500089,1,58,9,1904.52
500090,1,8,10,1325.76
500091,1,6,9,2258.60
500091,2,66,11,1227.01
500092,1,76,9,2240.06
500093,1,46,11,1152.10
500093,2,15,4,411.46
500093,3,43,4,2385.94
500093,4,28,12,2201.73
500093,5,5,5,685.97
500094,1,59,9,1554.15
500094,2,47,11,2373.43
500094,3,79,1,2278.76
500094,4,59,5,1554.15
500095,1,60,6,1300.47
500095,2,71,9,2281.99
500095,3,36,1,1708.92
500096,1,22,6,2146.75
500096,2,9,4,1495.50
500096,3,25,1,1473.95
500096,4,73,12,1772.50
500097,1,67,1,1517.13
500097,2,58,6,1904.52
500097,3,70,12,1979.33
500098,1,11,3,1495.01
500098,2,58,7,1904.52
500099,1,1,11,252.55
500099,2,26,4,239.76
500099,3,37,3,1326.99
500100,1,44,5,1768.82
500100,2,63,9,294.89
500100,3,62,12,434.82
500100,4,34,4,1016.01
500100,5,26,10,239.76
500101,1,70,12,1979.33
500101,2,17,1,2270.34
500102,1,22,6,2146.75
500103,1,62,12,434.82
500103,2,30,2,1381.62
500103,3,60,1,1300.47
500104,1,47,11,2373.43
500105,1,77,6,2185.65
500105,2,52,2,383.58
500105,3,12,6,941.52
500105,4,72,4,468.44
500105,5,29,9,384.11
500106,1,40,1,1750.72
500106,2,21,4,1982.22
500106,3,44,3,1768.82
500107,1,7,10,2109.86
500108,1,13,2,2145.32
500108,2,67,2,1517.13
500108,3,23,6,2162.90
500108,4,44,4,1768.82
500108,5,36,7,1708.92
500109,1,14,5,2132.76
500109,2,27,2,187.01
500109,3,38,5,2181.04
500109,4,79,2,2278.76
500110,1,15,3,411.46
500110,2,56,7,815.87
500110,3,44,3,1768.82
500110,4,1,3,252.55
500111,1,25,5,1473.95
500111,2,45,2,2209.75
500111,3,24,9,1205.50
500111,4,7,12,2109.86
500112,1,43,10,2385.94
500112,2,20,4,822.74
500112,3,13,2,2145.32
500113,1,53,4,219.27
500113,2,42,12,521.56
500113,3,80,9,10.49
500113,4,41,5,1329.27
500114,1,11,3,1495.01
500115,1,47,4,2373.43
500115,2,24,4,1205.50
500115,3,80,11,10.49
500115,4,68,10,1363.70
500116,1,53,10,219.27
500116,2,5,1,685.97
500116,3,31,10,1005.35
500116,4,39,9,2271.53
500116,5,55,8,847.82
500117,1,31,9,1005.35
500117,2,80,7,10.49
500117,3,31,5,1005.35
500117,4,8,4,1325.76
500117,5,59,3,1554.15
500118,1,50,4,335.66
500118,2,15,1,411.46
500118,3,28,2,2201.73
500119,1,52,6,383.58
500119,2,66,2,1227.01
500119,3,1,3,252.55
500119,4,73,11,1772.50
500119,5,33,9,477.74
500120,1,15,4,411.46
500120,2,45,3,2209.75
500120,3,4,3,37.02
500120,4,31,7,1005.35
500121,1,34,7,1016.01
500122,1,56,9,815.87
500123,1,24,4,1205.50
500124,1,10,4,1214.73
500124,2,57,9,1292.95
500124,3,59,2,1554.15
500124,4,12,12,941.52
500125,1,62,8,434.82
500125,2,80,3,10.49
500125,3,55,3,847.82
500125,4,77,7,2185.65
500125,5,36,11,1708.92
500126,1,7,11,2109.86
500127,1,28,2,2201.73
500127,2,30,6,1381.62
500128,1,75,9,2038.15
500128,2,71,5,2281.99
500129,1,25,8,1473.95
500129,2,74,4,2446.86
500129,3,76,6,2240.06
500129,4,39,9,2271.53
500129,5,32,9,407.59
500130,1,26,11,239.76
500130,2,56,1,815.87
500130,3,47,6,2373.43
500130,4,4,9,37.02
500131,1,49,3,40.14
500131,2,71,6,2281.99
500131,3,63,10,294.89
500131,4,75,3,2038.15
500131,5,80,9,10.49
500132,1,60,2,1300.47
500132,2,12,1,941.52
500132,3,15,12,411.46
500132,4,48,1,1688.96
500132,5,62,12,434.82
500133,1,45,1,2209.75
500133,2,48,6,1688.96
500133,3,47,9,2373.43
500133,4,21,7,1982.22
500134,1,6,3,2258.60
500134,2,36,12,1708.92
500134,3,43,5,2385.94
500135,1,5,3,685.97
500135,2,56,2,815.87
500135,3,29,7,384.11
500135,4,5,9,685.97
500135,5,64,9,1121.24
500136,1,12,2,941.52
500136,2,2,1,2272.44
500136,3,5,5,685.97
500136,4,26,8,239.76
500137,1,13,2,2145.32
500137,2,27,8,187.01
500137,3,37,2,1326.99
500138,1,21,9,1982.22
500139,1,51,7,1222.92
500140,1,74,6,2446.86
500141,1,30,4,1381.62
500142,1,56,12,815.87
500142,2,2,5,2272.44
500142,3,6,7,2258.60
500143,1,33,8,477.74
500144,1,31,1,1005.35
500144,2,7,12,2109.86
500144,3,10,1,1214.73
500144,4,74,2,2446.86
500144,5,33,10,477.74
500145,1,11,1,1495.01
500146,1,41,9,1329.27
500146,2,16,2,2356.90
500146,3,56,10,815.87
500147,1,11,3,1495.01
500147,2,14,1,2132.76
500147,3,49,11,40.14
500148,1,37,9,1326.99
500148,2,10,3,1214.73
500148,3,52,5,383.58
500148,4,13,12,2145.32
500149,1,47,6,2373.43
500149,2,11,5,1495.01
500149,3,16,8,2356.90
500149,4,18,11,2437.29
