customer_id,email,full_name,signup_date,loyalty_tier,credit_limit,is_active
1000,bruno.abioye0@example.com,Bruno Abioye,2023-09-02 06:06:56,BRONZE,4523.97,0
1001,quentin.dubois1@example.com,Quentin Dubois,2022-03-16 14:17:32,BRONZE,9024.49,1
1002,kiran.haddad2@example.com,Kiran Haddad,2023-07-05 17:39:34,SILVER,,1
1003,elena.baranov3@example.com,Elena Baranov,2023-01-28 11:41:46,SILVER,8701.17,1
1004,kiran.vasquez4@example.com,Kiran Vasquez,2023-11-12 19:59:36,GOLD,1080.13,0
1005,wen.xu5@example.com,Wen Xu,2024-03-22 19:01:52,GOLD,561.57,1
1006,petra.tanaka6@example.com,Petra Tanaka,2022-12-07 07:43:21,BRONZE,,0
1007,clara.gupta7@example.com,Clara Gupta,2025-12-07 14:24:55,GOLD,2334.66,1
1008,clara.silva8@example.com,Clara Silva,2024-04-06 08:55:58,SILVER,1523.32,1
1009,dmitri.pereira9@example.com,Dmitri Pereira,2022-03-12 11:43:32,GOLD,9324.20,1
1010,omar.xu10@example.com,Omar Xu,2023-11-12 12:30:06,GOLD,5615.63,1
1011,jonas.baranov11@example.com,Jonas Baranov,2023-02-09 17:36:09,SILVER,9432.62,1
1012,greta.ueda12@example.com,Greta Ueda,2024-02-14 22:05:53,GOLD,3780.76,1
1013,yusuf.haddad13@example.com,Yusuf Haddad,2023-09-08 12:32:55,BRONZE,8256.31,1
1014,yusuf.kowalski14@example.com,Yusuf Kowalski,2024-05-12 19:48:25,SILVER,3244.28,0
1015,nadia.mwangi15@example.com,Nadia Mwangi,2025-12-27 06:18:43,BRONZE,2233.18,1
1016,jonas.larsen16@example.com,Jonas Larsen,2025-03-19 18:29:46,GOLD,1860.76,1
1017,hugo.zielinski17@example.com,Hugo Zielinski,2022-02-22 19:04:15,GOLD,3306.11,1
1018,xiomara.tanaka18@example.com,Xiomara Tanaka,2022-01-12 12:04:59,BRONZE,,0
1019,bruno.baranov19@example.com,Bruno Baranov,2025-08-20 18:02:11,GOLD,2970.75,1
1020,samir.gupta20@example.com,Samir Gupta,2022-07-03 09:27:19,BRONZE,6333.49,0
1021,wen.vasquez21@example.com,Wen Vasquez,2024-09-24 21:34:44,SILVER,9912.45,1
1022,greta.dubois22@example.com,Greta Dubois,2025-04-19 14:48:24,BRONZE,5617.12,1
1023,kiran.abioye23@example.com,Kiran Abioye,2024-10-26 19:12:55,BRONZE,9449.62,1
1024,wen.pereira24@example.com,Wen Pereira,2022-02-22 21:57:08,SILVER,9946.94,1
1025,elena.costa25@example.com,Elena Costa,2022-07-20 15:28:53,BRONZE,1744.84,1
1026,tove.abioye26@example.com,Tove Abioye,2024-01-20 17:41:38,BRONZE,3153.82,1
1027,asha.ivanov27@example.com,Asha Ivanov,2024-06-27 06:30:24,GOLD,,1
1028,lena.baranov28@example.com,Lena Baranov,2024-10-10 12:24:37,GOLD,6491.58,1
1029,yusuf.baranov29@example.com,Yusuf Baranov,2022-01-02 09:23:09,BRONZE,2531.86,1
1030,wen.mwangi30@example.com,Wen Mwangi,2022-04-02 11:18:06,SILVER,8640.96,0
1031,greta.vasquez31@example.com,Greta Vasquez,2025-10-11 18:03:20,BRONZE,,1
1032,xiomara.zielinski32@example.com,Xiomara Zielinski,2025-05-17 16:59:44,SILVER,1766.19,1
1033,ursula.mwangi33@example.com,Ursula Mwangi,2024-10-19 20:02:40,GOLD,9517.17,1
1034,wen.tanaka34@example.com,Wen Tanaka,2025-07-04 22:28:02,GOLD,3850.32,1
1035,jonas.nakamura35@example.com,Jonas Nakamura,2024-08-31 13:00:35,BRONZE,9254.10,1
1036,dmitri.dubois36@example.com,Dmitri Dubois,2022-05-30 15:57:22,BRONZE,3856.31,0
1037,wen.okafor37@example.com,Wen Okafor,2024-08-16 10:44:17,SILVER,,1
1038,quentin.kowalski38@example.com,Quentin Kowalski,2025-01-11 18:15:39,GOLD,,1
1039,elena.eriksen39@example.com,Elena Eriksen,2022-10-28 20:46:04,SILVER,9247.47,1
1040,dmitri.weber40@example.com,Dmitri Weber,2025-04-17 16:09:39,SILVER,1673.94,1
1041,farid.nakamura41@example.com,Farid Nakamura,2024-08-01 06:41:50,BRONZE,5437.31,1
1042,dmitri.pereira42@example.com,Dmitri Pereira,2022-01-22 19:26:49,GOLD,,1
1043,bruno.ueda43@example.com,Bruno Ueda,2024-12-10 16:27:36,SILVER,3674.76,1
1044,nadia.tanaka44@example.com,Nadia Tanaka,2024-05-06 08:04:30,BRONZE,2595.68,1
1045,ursula.haddad45@example.com,Ursula Haddad,2022-05-10 13:26:13,SILVER,7368.80,1
1046,xiomara.zielinski46@example.com,Xiomara Zielinski,2022-12-14 09:23:17,SILVER,,1
1047,elena.larsen47@example.com,Elena Larsen,2024-06-09 15:29:37,SILVER,5382.75,1
1048,lena.costa48@example.com,Lena Costa,2022-03-04 11:50:44,GOLD,6783.10,1
1049,greta.weber49@example.com,Greta Weber,2023-01-07 06:10:58,SILVER,,1
1050,kiran.kowalski50@example.com,Kiran Kowalski,2025-06-23 12:07:33,BRONZE,6638.69,1
1051,wen.nakamura51@example.com,Wen Nakamura,2025-07-28 13:06:08,SILVER,,1
1052,mateo.pereira52@example.com,Mateo Pereira,2024-12-02 10:31:03,SILVER,,1
1053,dmitri.rossi53@example.com,Dmitri Rossi,2025-12-15 14:47:08,GOLD,2994.33,1
1054,tove.baranov54@example.com,Tove Baranov,2024-01-26 13:50:29,GOLD,9645.18,1
1055,wen.pereira55@example.com,Wen Pereira,2024-08-03 13:01:13,GOLD,9315.26,1
1056,hugo.ivanov56@example.com,Hugo Ivanov,2025-10-22 20:40:23,BRONZE,6232.10,1
1057,jonas.mwangi57@example.com,Jonas Mwangi,2024-01-13 06:29:13,SILVER,9752.13,1
1058,nadia.haddad58@example.com,Nadia Haddad,2022-07-08 19:30:28,BRONZE,4688.01,1
1059,ursula.dubois59@example.com,Ursula Dubois,2025-12-07 09:13:51,GOLD,949.63,1
