member_id,member_name,joined_on,email,membership_type
1,Farid Larsen,2024-02-23 13:04:42,member1@example.org,ADULT
2,Jonas Zielinski,2018-08-04 19:40:40,,ADULT
3,Jonas Dubois,2020-01-21 20:53:37,member3@example.org,STUDENT
4,Dmitri Okafor,2024-01-09 22:04:03,member4@example.org,ADULT
5,Jonas Vasquez,2025-08-30 12:16:39,,STUDENT
6,Clara Dubois,2020-04-07 11:24:00,member6@example.org,STAFF
7,Xiomara Ueda,2022-02-01 21:39:28,member7@example.org,STAFF
8,Elena Costa,2022-11-27 19:10:38,member8@example.org,STAFF
9,Farid Ferrari,2019-10-09 21:27:08,member9@example.org,STAFF
10,Quentin Mwangi,2022-10-15 20:03:36,member10@example.org,CHILD
11,Yusuf Xu,2024-01-24 20:49:24,member11@example.org,STUDENT
12,Ines Zielinski,2024-04-16 22:34:05,member12@example.org,STUDENT
13,Lena Mwangi,2019-12-28 11:37:51,member13@example.org,ADULT
14,Greta Ueda,2023-03-03 18:46:21,,ADULT
15,Rosa Xu,2018-02-22 22:10:05,member15@example.org,STAFF
16,Nadia Okafor,2020-11-03 13:11:32,member16@example.org,ADULT
17,Jonas Weber,2018-11-06 11:26:57,member17@example.org,STUDENT
18,Petra Ferrari,2024-10-05 16:49:27,member18@example.org,ADULT
19,Xiomara Okafor,2018-02-24 07:05:52,member19@example.org,CHILD
20,Samir Vasquez,2025-04-01 15:29:54,member20@example.org,STAFF
21,Xiomara Yilmaz,2019-03-17 17:46:40,member21@example.org,STAFF
22,Petra Nakamura,2018-07-27 12:28:52,member22@example.org,STAFF
23,Ines Dubois,2021-01-27 16:08:01,,STUDENT
24,Yusuf Ueda,2025-01-16 19:22:38,member24@example.org,ADULT
25,Hugo Tanaka,2023-08-30 16:30:40,member25@example.org,STUDENT
26,Nadia Tanaka,2025-07-09 07:28:11,,STUDENT
27,Mateo Zielinski,2022-12-16 12:18:11,member27@example.org,STAFF
28,Petra Mwangi,2023-03-05 19:17:01,member28@example.org,STAFF
29,Omar Xu,2018-10-30 21:47:55,member29@example.org,CHILD
30,Omar Weber,2020-12-27 22:41:56,member30@example.org,CHILD
31,Ursula Xu,2021-01-05 18:33:14,member31@example.org,STUDENT
32,Farid Yilmaz,2019-10-03 08:09:38,member32@example.org,ADULT
33,Elena Rossi,2020-03-17 13:44:05,,ADULT
34,Samir Larsen,2025-11-11 10:58:39,,STAFF
35,Ines Gupta,2018-02-03 13:50:47,member35@example.org,ADULT
36,Jonas Baranov,2025-11-21 20:47:18,member36@example.org,STUDENT
37,Jonas Costa,2020-10-12 20:16:52,member37@example.org,STUDENT
38,Yusuf Rossi,2019-03-06 18:09:23,member38@example.org,STUDENT
39,Zara Quiroga,2020-05-24 14:41:01,,STUDENT
40,Zara Ferrari,2021-03-01 14:39:07,member40@example.org,ADULT
41,Quentin Silva,2023-11-27 20:35:05,member41@example.org,STUDENT
42,Bruno Dubois,2022-10-31 08:41:57,member42@example.org,ADULT
43,Hugo Rossi,2020-01-05 13:15:24,member43@example.org,STUDENT
44,Clara Haddad,2021-02-19 11:16:48,member44@example.org,CHILD
45,Petra Jansen,2020-01-12 21:42:24,member45@example.org,STUDENT
46,Elena Pereira,2022-12-19 19:15:38,member46@example.org,CHILD
47,Farid Abioye,2025-02-13 18:57:40,member47@example.org,STUDENT
48,Mateo Nakamura,2021-08-25 12:19:32,member48@example.org,CHILD
49,Samir Jansen,2023-10-11 08:46:41,member49@example.org,STUDENT
50,Farid Pereira,2018-12-29 11:21:59,member50@example.org,ADULT
