loan_id,copy_id,member_id,borrowed_at,due_date,returned_at,late_fee
90000,100,5,2025-06-07 15:12:19,2025-07-05 15:12:19,,0.00
90001,119,27,2024-05-08 11:29:55,2024-06-05 11:29:55,2024-05-13 11:29:55,0.00
90002,69,5,2025-04-14 19:51:36,2025-04-26 19:51:36,2025-05-31 19:51:36,13.22
90003,17,7,2024-07-04 09:46:32,2024-08-04 09:46:32,2024-08-31 09:46:32,13.61
90004,102,16,2025-12-01 12:44:11,2025-12-31 12:44:11,2026-01-01 12:44:11,21.79
90005,32,31,2024-06-30 22:22:44,2024-07-10 22:22:44,2024-08-27 22:22:44,20.86
90006,54,31,2024-03-31 12:56:15,2024-04-08 12:56:15,,0.00
90007,105,16,2025-09-09 07:29:24,2025-10-11 07:29:24,,0.00
90008,47,22,2024-05-31 08:52:20,2024-06-25 08:52:20,2024-06-09 08:52:20,0.00
90009,26,24,2024-12-08 09:19:27,2024-12-22 09:19:27,,0.00
90010,64,30,2025-01-13 22:29:12,2025-02-04 22:29:12,,0.00
90011,70,21,2024-01-22 21:17:42,2024-02-22 21:17:42,,0.00
90012,77,23,2025-03-16 19:26:52,2025-04-10 19:26:52,,0.00
90013,89,12,2024-07-13 11:48:33,2024-08-10 11:48:33,2024-09-08 11:48:33,18.80
90014,12,31,2024-03-05 20:39:27,2024-04-05 20:39:27,2024-03-09 20:39:27,0.00
90015,95,46,2024-06-13 15:35:11,2024-06-20 15:35:11,,0.00
90016,52,41,2026-05-01 14:06:00,2026-05-27 14:06:00,2026-06-26 14:06:00,16.73
90017,92,34,2025-03-18 10:22:12,2025-04-26 10:22:12,2025-05-26 10:22:12,19.17
90018,34,31,2026-04-11 20:16:42,2026-05-11 20:16:42,2026-05-24 20:16:42,22.23
90019,79,21,2025-03-29 19:57:25,2025-04-22 19:57:25,,0.00
90020,27,18,2025-11-12 21:43:22,2025-11-24 21:43:22,2026-01-04 21:43:22,24.37
90021,78,26,2025-11-10 19:57:03,2025-12-15 19:57:03,2025-11-19 19:57:03,0.00
90022,52,42,2026-02-10 20:52:19,2026-03-21 20:52:19,,0.00
90023,88,26,2025-01-31 22:23:52,2025-02-28 22:23:52,2025-04-06 22:23:52,10.35
90024,76,15,2026-02-21 13:44:46,2026-03-08 13:44:46,2026-05-01 13:44:46,5.87
90025,112,6,2025-12-19 12:36:53,2026-01-19 12:36:53,2026-02-08 12:36:53,24.97
90026,22,20,2025-01-12 13:56:32,2025-02-23 13:56:32,2025-02-21 13:56:32,0.00
90027,104,50,2024-03-11 07:18:13,2024-04-14 07:18:13,2024-04-10 07:18:13,0.00
90028,44,1,2024-10-15 09:06:42,2024-11-17 09:06:42,2024-10-25 09:06:42,0.00
90029,47,48,2024-08-17 09:40:30,2024-09-26 09:40:30,2024-09-01 09:40:30,0.00
90030,23,27,2025-10-17 13:04:49,2025-10-31 13:04:49,,0.00
90031,112,31,2024-11-16 18:46:28,2024-12-18 18:46:28,,0.00
90032,22,5,2026-03-04 09:46:55,2026-03-17 09:46:55,2026-04-12 09:46:55,7.64
90033,30,45,2024-06-02 09:57:24,2024-07-11 09:57:24,2024-07-31 09:57:24,22.45
90034,120,4,2026-04-25 06:24:51,2026-05-17 06:24:51,,0.00
90035,88,47,2025-07-26 22:57:10,2025-08-26 22:57:10,2025-09-28 22:57:10,23.90
90036,2,43,2025-03-08 08:48:02,2025-04-16 08:48:02,2025-04-23 08:48:02,5.03
90037,76,48,2026-04-27 14:51:04,2026-06-07 14:51:04,2026-06-18 14:51:04,16.50
90038,97,34,2025-01-24 07:33:22,2025-02-07 07:33:22,,0.00
90039,56,1,2025-08-23 12:25:45,2025-09-19 12:25:45,2025-09-20 12:25:45,21.46
90040,59,19,2025-01-25 12:43:34,2025-03-07 12:43:34,2025-03-27 12:43:34,24.72
90041,44,16,2024-10-22 06:04:03,2024-11-04 06:04:03,2024-11-07 06:04:03,17.92
90042,2,41,2024-02-29 18:17:13,2024-03-22 18:17:13,2024-03-31 18:17:13,3.86
90043,66,2,2024-09-18 10:34:16,2024-10-11 10:34:16,2024-10-03 10:34:16,0.00
90044,32,13,2025-05-12 10:01:24,2025-06-03 10:01:24,,0.00
90045,34,49,2024-09-25 13:49:32,2024-10-03 13:49:32,2024-11-05 13:49:32,12.27
90046,79,38,2025-10-04 16:48:06,2025-10-28 16:48:06,2025-11-21 16:48:06,6.28
90047,114,9,2026-01-10 22:56:30,2026-02-03 22:56:30,2026-02-21 22:56:30,6.16
90048,29,26,2025-12-18 12:14:52,2026-01-19 12:14:52,2026-01-20 12:14:52,8.28
90049,11,28,2026-04-14 13:30:33,2026-05-08 13:30:33,2026-06-10 13:30:33,20.75
90050,44,8,2025-01-18 14:00:52,2025-02-02 14:00:52,,0.00
90051,2,38,2024-01-23 22:41:29,2024-02-26 22:41:29,2024-02-29 22:41:29,5.61
90052,78,32,2026-03-08 18:11:24,2026-04-12 18:11:24,2026-04-13 18:11:24,15.44
90053,4,15,2025-10-09 13:41:11,2025-11-17 13:41:11,2025-10-16 13:41:11,0.00
90054,37,34,2026-04-08 10:34:42,2026-04-27 10:34:42,2026-05-13 10:34:42,5.60
90055,36,13,2025-05-11 12:43:46,2025-06-18 12:43:46,2025-06-23 12:43:46,7.14
90056,73,49,2025-05-11 16:04:59,2025-06-22 16:04:59,,0.00
90057,85,48,2025-01-30 12:27:54,2025-02-27 12:27:54,,0.00
90058,66,33,2026-03-10 20:43:08,2026-03-18 20:43:08,2026-04-09 20:43:08,7.92
90059,31,1,2025-05-01 14:57:49,2025-06-11 14:57:49,,0.00
90060,45,16,2024-04-07 17:02:49,2024-04-18 17:02:49,2024-05-26 17:02:49,17.10
90061,77,5,2024-06-24 17:45:39,2024-07-05 17:45:39,2024-07-04 17:45:39,0.00
90062,27,5,2024-01-13 12:51:16,2024-02-14 12:51:16,,0.00
90063,116,44,2025-09-23 22:16:05,2025-10-02 22:16:05,2025-09-30 22:16:05,0.00
90064,67,14,2025-08-29 16:03:50,2025-09-26 16:03:50,2025-09-10 16:03:50,0.00
90065,47,25,2025-01-27 10:57:10,2025-03-10 10:57:10,2025-02-03 10:57:10,0.00
90066,81,40,2025-06-03 15:12:20,2025-06-26 15:12:20,,0.00
90067,75,40,2025-08-27 12:37:51,2025-09-10 12:37:51,2025-09-10 12:37:51,0.00
90068,54,43,2024-01-22 22:06:40,2024-02-16 22:06:40,,0.00
90069,8,11,2024-08-13 17:32:25,2024-09-20 17:32:25,2024-08-21 17:32:25,0.00
90070,1,40,2025-02-21 16:19:56,2025-03-14 16:19:56,,0.00
90071,32,5,2026-05-02 10:46:53,2026-05-16 10:46:53,,0.00
90072,12,48,2025-01-12 06:05:00,2025-01-30 06:05:00,2025-02-08 06:05:00,20.00
90073,14,18,2025-02-08 13:42:02,2025-03-18 13:42:02,,0.00
90074,24,45,2026-01-26 20:11:56,2026-02-10 20:11:56,,0.00
90075,6,25,2025-01-01 14:17:33,2025-02-03 14:17:33,2025-02-12 14:17:33,7.50
90076,53,49,2025-09-26 12:54:41,2025-10-10 12:54:41,,0.00
90077,78,13,2025-08-04 20:16:52,2025-09-11 20:16:52,,0.00
90078,104,37,2025-04-17 20:35:18,2025-05-29 20:35:18,,0.00
90079,25,33,2024-08-29 20:36:15,2024-09-05 20:36:15,2024-09-01 20:36:15,0.00
90080,20,15,2024-10-30 09:15:33,2024-11-24 09:15:33,,0.00
90081,105,19,2026-02-16 10:55:12,2026-02-24 10:55:12,,0.00
90082,63,10,2024-12-29 17:30:26,2025-01-08 17:30:26,2025-01-09 17:30:26,7.29
90083,39,47,2025-11-28 18:13:28,2025-12-05 18:13:28,,0.00
90084,98,40,2026-06-25 14:25:23,2026-07-14 14:25:23,2026-08-01 14:25:23,16.46
90085,90,33,2024-10-05 15:51:27,2024-10-13 15:51:27,2024-12-04 15:51:27,13.67
90086,115,37,2026-04-12 08:09:19,2026-04-20 08:09:19,2026-04-17 08:09:19,0.00
90087,94,34,2024-07-09 16:50:40,2024-08-13 16:50:40,2024-07-26 16:50:40,0.00
90088,29,22,2024-01-16 14:38:42,2024-02-22 14:38:42,2024-01-29 14:38:42,0.00
90089,80,11,2025-01-18 09:08:06,2025-02-14 09:08:06,2025-01-25 09:08:06,0.00
90090,36,26,2024-06-28 20:06:25,2024-08-05 20:06:25,2024-08-09 20:06:25,1.44
90091,109,34,2025-12-19 21:29:44,2026-01-14 21:29:44,2026-01-21 21:29:44,24.90
90092,2,32,2025-05-21 06:56:15,2025-06-10 06:56:15,2025-07-08 06:56:15,0.11
90093,55,6,2025-04-28 22:32:53,2025-05-16 22:32:53,2025-07-02 22:32:53,8.74
90094,103,24,2024-09-05 13:46:39,2024-09-28 13:46:39,,0.00
90095,21,43,2025-07-14 11:30:02,2025-08-23 11:30:02,2025-07-15 11:30:02,0.00
90096,96,16,2024-04-23 09:36:05,2024-05-13 09:36:05,2024-05-17 09:36:05,7.27
90097,33,46,2024-05-21 09:13:09,2024-06-05 09:13:09,2024-06-24 09:13:09,17.33
90098,36,22,2024-05-26 06:33:24,2024-06-22 06:33:24,2024-06-26 06:33:24,4.72
90099,45,49,2025-06-28 22:59:34,2025-07-24 22:59:34,2025-07-23 22:59:34,0.00
90100,57,37,2025-08-29 09:46:41,2025-09-09 09:46:41,2025-09-09 09:46:41,0.00
90101,35,45,2024-03-03 09:21:25,2024-03-31 09:21:25,,0.00
90102,11,1,2025-02-16 17:47:54,2025-03-09 17:47:54,2025-02-20 17:47:54,0.00
90103,11,9,2026-02-16 08:56:24,2026-03-30 08:56:24,,0.00
90104,109,5,2026-01-02 17:16:32,2026-01-20 17:16:32,,0.00
90105,19,40,2024-11-23 10:51:29,2024-12-17 10:51:29,2024-12-19 10:51:29,9.72
90106,1,22,2024-05-03 13:58:11,2024-05-16 13:58:11,2024-06-05 13:58:11,7.02
90107,43,10,2024-03-29 07:03:30,2024-04-26 07:03:30,2024-06-06 07:03:30,9.14
90108,57,13,2025-07-30 07:18:52,2025-08-17 07:18:52,2025-09-14 07:18:52,4.15
90109,56,37,2025-12-30 13:07:18,2026-01-11 13:07:18,,0.00
90110,102,9,2024-04-26 07:05:22,2024-05-29 07:05:22,,0.00
90111,90,7,2024-08-15 08:09:04,2024-08-25 08:09:04,2024-10-08 08:09:04,10.79
90112,10,39,2024-10-11 20:40:33,2024-10-23 20:40:33,2024-11-11 20:40:33,7.50
90113,118,16,2024-02-03 06:45:48,2024-02-13 06:45:48,,0.00
90114,55,21,2024-04-07 18:32:36,2024-05-19 18:32:36,2024-04-19 18:32:36,0.00
90115,85,32,2026-01-14 19:07:02,2026-02-17 19:07:02,2026-02-11 19:07:02,0.00
90116,77,29,2025-12-01 20:46:47,2025-12-11 20:46:47,2025-12-31 20:46:47,6.35
90117,82,11,2024-06-14 20:53:55,2024-07-17 20:53:55,2024-08-01 20:53:55,20.17
90118,106,33,2024-02-12 21:19:33,2024-03-09 21:19:33,,0.00
90119,87,49,2025-09-07 08:36:18,2025-10-02 08:36:18,2025-10-11 08:36:18,14.43
90120,83,45,2026-03-21 20:00:43,2026-04-29 20:00:43,2026-05-07 20:00:43,10.68
90121,3,14,2025-07-12 13:10:24,2025-08-17 13:10:24,,0.00
90122,9,43,2025-12-30 21:03:49,2026-01-18 21:03:49,2026-01-12 21:03:49,0.00
90123,66,20,2024-04-06 11:13:55,2024-05-12 11:13:55,2024-06-13 11:13:55,17.57
90124,3,41,2025-03-29 11:54:54,2025-04-28 11:54:54,2025-04-11 11:54:54,0.00
90125,97,30,2025-10-08 08:24:07,2025-10-16 08:24:07,,0.00
90126,35,15,2025-10-08 13:08:00,2025-11-17 13:08:00,,0.00
90127,73,47,2025-08-04 09:44:59,2025-08-17 09:44:59,2025-09-08 09:44:59,0.33
90128,48,29,2026-05-12 21:08:20,2026-06-23 21:08:20,2026-07-11 21:08:20,2.65
90129,108,8,2024-05-14 17:30:50,2024-06-01 17:30:50,2024-06-12 17:30:50,11.96
90130,49,33,2025-01-09 20:44:08,2025-02-04 20:44:08,2025-03-10 20:44:08,15.71
90131,3,31,2025-03-16 17:11:12,2025-04-23 17:11:12,2025-03-17 17:11:12,0.00
90132,83,1,2024-09-24 08:21:20,2024-10-07 08:21:20,2024-10-29 08:21:20,16.69
90133,32,9,2025-06-03 16:30:02,2025-07-14 16:30:02,2025-08-05 16:30:02,13.10
90134,78,27,2024-07-26 19:22:23,2024-08-12 19:22:23,2024-09-11 19:22:23,6.15
90135,105,44,2026-03-08 22:16:20,2026-03-16 22:16:20,2026-04-09 22:16:20,17.50
90136,72,50,2026-03-16 14:37:51,2026-04-05 14:37:51,,0.00
90137,41,6,2025-04-03 07:59:38,2025-05-09 07:59:38,2025-06-02 07:59:38,11.16
90138,106,20,2026-01-02 07:41:52,2026-01-10 07:41:52,,0.00
90139,100,35,2026-06-02 08:15:44,2026-06-19 08:15:44,2026-06-16 08:15:44,0.00
90140,19,32,2024-05-16 18:32:14,2024-06-23 18:32:14,2024-06-08 18:32:14,0.00
90141,120,42,2024-07-08 13:56:18,2024-07-21 13:56:18,,0.00
90142,82,47,2024-07-01 20:05:04,2024-07-20 20:05:04,,0.00
90143,73,50,2025-01-19 11:59:01,2025-02-13 11:59:01,2025-02-11 11:59:01,0.00
90144,109,35,2025-07-12 17:47:02,2025-07-23 17:47:02,2025-07-15 17:47:02,0.00
90145,106,38,2026-03-15 19:38:00,2026-04-01 19:38:00,,0.00
90146,116,26,2025-07-21 13:37:18,2025-08-11 13:37:18,,0.00
90147,16,41,2024-06-14 12:30:19,2024-07-17 12:30:19,2024-06-27 12:30:19,0.00
90148,30,43,2026-04-09 09:21:48,2026-04-22 09:21:48,,0.00
90149,42,47,2024-01-09 11:54:54,2024-01-21 11:54:54,2024-02-29 11:54:54,19.68
90150,50,19,2025-04-27 17:14:41,2025-06-06 17:14:41,,0.00
90151,90,8,2024-05-26 19:18:34,2024-06-18 19:18:34,2024-06-10 19:18:34,0.00
90152,41,38,2026-03-17 07:28:20,2026-03-26 07:28:20,,0.00
90153,3,33,2026-06-07 12:41:35,2026-07-03 12:41:35,,0.00
90154,24,12,2024-06-27 19:12:07,2024-07-08 19:12:07,2024-08-21 19:12:07,23.70
90155,13,3,2026-04-18 15:22:23,2026-04-26 15:22:23,2026-05-23 15:22:23,18.96
90156,78,12,2025-02-13 06:37:47,2025-02-27 06:37:47,,0.00
90157,42,1,2025-11-22 20:31:33,2025-12-07 20:31:33,,0.00
90158,43,18,2025-04-15 18:22:25,2025-05-06 18:22:25,,0.00
90159,28,41,2024-03-20 10:53:20,2024-04-18 10:53:20,,0.00
90160,66,1,2025-10-30 08:45:10,2025-11-29 08:45:10,,0.00
90161,54,17,2024-06-26 15:05:14,2024-07-11 15:05:14,,0.00
90162,94,37,2024-09-27 17:23:20,2024-11-04 17:23:20,2024-10-14 17:23:20,0.00
90163,77,17,2024-04-22 21:35:20,2024-05-22 21:35:20,2024-06-14 21:35:20,10.12
90164,93,23,2025-04-14 12:08:15,2025-05-20 12:08:15,,0.00
90165,78,48,2024-01-06 17:15:56,2024-02-06 17:15:56,2024-02-09 17:15:56,0.84
90166,46,2,2026-03-01 13:53:30,2026-03-30 13:53:30,2026-04-11 13:53:30,4.63
90167,44,17,2024-10-30 14:46:30,2024-11-06 14:46:30,2024-11-07 14:46:30,2.60
90168,80,18,2025-06-20 15:09:42,2025-07-25 15:09:42,2025-07-18 15:09:42,0.00
90169,112,38,2024-04-06 14:18:25,2024-04-19 14:18:25,2024-05-30 14:18:25,1.00
90170,33,28,2024-03-28 22:42:59,2024-04-19 22:42:59,,0.00
90171,59,28,2024-05-12 09:35:20,2024-06-10 09:35:20,,0.00
90172,112,39,2024-11-22 09:53:32,2024-12-16 09:53:32,,0.00
90173,84,28,2025-08-15 21:33:37,2025-09-09 21:33:37,2025-09-29 21:33:37,5.53
90174,39,2,2025-06-14 10:49:24,2025-07-16 10:49:24,2025-06-20 10:49:24,0.00
90175,72,31,2024-12-27 09:14:01,2025-01-27 09:14:01,,0.00
90176,118,42,2026-06-16 20:52:14,2026-07-13 20:52:14,2026-08-10 20:52:14,6.66
90177,80,19,2024-09-20 11:38:32,2024-10-01 11:38:32,2024-09-25 11:38:32,0.00
90178,6,26,2024-05-28 11:46:48,2024-07-04 11:46:48,,0.00
90179,49,11,2025-03-26 18:11:02,2025-04-05 18:11:02,2025-04-21 18:11:02,9.52
90180,25,46,2024-02-24 22:40:09,2024-03-24 22:40:09,,0.00
90181,32,13,2025-09-15 20:15:54,2025-10-27 20:15:54,2025-10-03 20:15:54,0.00
90182,38,2,2024-12-13 14:06:03,2025-01-02 14:06:03,2025-01-20 14:06:03,21.32
90183,33,14,2024-04-06 14:42:10,2024-05-05 14:42:10,2024-05-04 14:42:10,0.00
90184,105,20,2026-04-13 20:44:31,2026-04-30 20:44:31,2026-04-29 20:44:31,0.00
90185,57,42,2026-04-28 16:02:21,2026-05-27 16:02:21,2026-06-11 16:02:21,3.63
90186,15,11,2026-02-10 06:30:20,2026-03-11 06:30:20,2026-02-24 06:30:20,0.00
90187,105,5,2024-04-04 20:54:46,2024-05-02 20:54:46,2024-04-18 20:54:46,0.00
90188,30,22,2025-09-02 19:08:52,2025-09-22 19:08:52,2025-09-15 19:08:52,0.00
90189,3,13,2025-04-13 11:18:40,2025-05-05 11:18:40,,0.00
90190,102,14,2024-11-05 11:59:48,2024-12-17 11:59:48,2024-11-10 11:59:48,0.00
90191,56,27,2025-07-30 20:52:03,2025-09-05 20:52:03,2025-09-16 20:52:03,7.36
90192,7,23,2024-12-23 15:17:40,2025-02-01 15:17:40,,0.00
90193,63,44,2024-07-28 06:58:42,2024-09-03 06:58:42,,0.00
90194,32,3,2025-05-27 11:07:47,2025-06-20 11:07:47,,0.00
90195,120,22,2026-06-22 22:03:56,2026-07-12 22:03:56,2026-08-20 22:03:56,15.04
90196,55,17,2026-04-21 07:27:21,2026-05-25 07:27:21,2026-05-26 07:27:21,24.63
90197,4,29,2025-01-26 13:04:14,2025-02-13 13:04:14,2025-02-15 13:04:14,10.09
90198,37,49,2024-08-15 17:03:18,2024-09-01 17:03:18,2024-09-20 17:03:18,8.61
90199,63,10,2026-04-19 21:25:52,2026-04-30 21:25:52,2026-06-14 21:25:52,8.55
