author_id,full_name,birth_year,country_code
1,Mateo Vasquez,1987,
2,Yusuf Haddad,,LV
3,Xiomara Ivanov,,GR
4,Farid Jansen,1991,GR
5,Asha Larsen,1939,LV
6,Elena Weber,,SE
7,Dmitri Mwangi,1892,GR
8,Dmitri Larsen,1900,GR
9,Ursula Ivanov,1963,
10,Clara Gupta,1962,
11,Viktor Costa,1992,LV
12,Hugo Quiroga,1990,NL
13,Bruno Ferrari,,GR
14,Ines Nakamura,1923,
15,Samir Silva,1926,PL
16,Mateo Haddad,,GR
17,Dmitri Eriksen,1987,PL
18,Dmitri Dubois,,RO
19,Clara Xu,1964,
20,Dmitri Weber,1972,GR
21,Samir Costa,,PL
22,Wen Ferrari,1954,ES
23,Omar Rossi,1942,NL
24,Bruno Quiroga,1896,PL
25,Omar Mwangi,1969,GR
26,Wen Ivanov,1903,PL
27,Lena Gupta,,
28,Clara Zielinski,,LV
29,Mateo Quiroga,1897,ES
30,Xiomara Nakamura,1988,ES
