copy_id,book_id,acquired_on,shelf_code,condition_rating
1,20,2021-09-02 21:13:02,A33-7,3
2,19,2025-06-09 21:16:25,B03-1,4
3,38,2024-03-05 19:37:08,B23-1,
4,44,2018-07-08 14:56:20,E38-2,1
5,27,2018-01-20 14:42:22,H03-3,
6,57,2023-01-06 06:42:02,B14-2,1
7,20,2022-12-24 17:57:01,C36-6,
8,3,2018-12-31 20:13:53,E03-6,3
9,3,2020-12-23 21:11:09,D09-7,5
10,9,2017-03-15 12:47:31,E39-7,5
11,7,2025-07-12 15:56:41,F30-3,1
12,8,2017-06-15 07:40:19,G13-5,
13,41,2018-09-01 06:18:21,H31-4,1
14,57,2023-12-26 19:10:44,C26-7,5
15,32,2024-07-07 09:02:08,G11-8,1
16,40,2016-12-23 20:52:17,D20-3,5
17,35,2019-05-07 08:48:27,A09-9,
18,29,2021-08-03 22:02:58,F31-8,1
19,36,2020-08-24 08:08:46,C31-8,4
20,17,2019-02-16 14:34:38,C23-4,1
21,44,2020-03-07 11:31:08,B38-8,5
22,11,2021-07-20 21:45:22,E34-8,1
23,37,2016-05-04 12:07:22,A19-1,1
24,39,2025-04-03 10:16:16,C10-7,2
25,30,2019-08-18 12:08:54,H16-9,1
26,8,2021-11-11 14:05:39,G29-4,4
27,52,2023-06-10 12:51:51,G25-4,3
28,27,2025-11-30 14:49:44,D02-4,5
29,35,2016-01-02 14:19:22,F30-4,4
30,33,2020-06-29 10:45:49,D35-4,3
31,40,2017-06-10 16:59:42,A27-3,4
32,5,2019-05-22 14:04:21,B19-6,1
33,49,2016-08-11 13:08:04,C14-5,3
34,47,2017-04-26 15:41:33,D29-5,4
35,42,2020-05-26 11:18:17,B32-4,1
36,58,2023-03-16 12:40:27,B11-4,1
37,26,2018-10-29 11:15:17,D12-1,
38,41,2020-08-19 15:17:39,H27-2,
39,30,2024-07-13 16:00:46,C38-1,2
40,9,2026-01-12 10:37:06,H11-5,3
41,3,2017-05-04 10:02:47,D25-8,1
42,59,2022-05-04 12:16:05,E24-5,2
43,14,2016-05-26 11:57:09,H25-3,
44,54,2016-02-15 13:40:11,F22-7,
45,13,2025-07-03 11:57:16,G15-5,2
46,50,2017-11-30 16:11:15,B18-3,5
47,27,2026-01-31 14:56:44,G18-4,
48,30,2016-05-02 20:18:18,E18-9,2
49,8,2020-10-06 14:42:17,C06-4,4
50,8,2025-12-22 22:33:37,G31-2,5
51,14,2022-03-18 08:01:43,C38-3,
52,46,2021-07-17 10:41:51,H03-5,3
53,15,2016-07-17 20:50:34,H16-2,3
54,49,2022-06-26 14:23:53,C20-8,1
55,51,2020-09-19 07:28:27,A22-2,1
56,5,2021-05-11 20:31:02,E08-1,2
57,17,2022-07-17 11:53:24,F19-8,4
58,46,2024-05-27 20:20:52,D06-3,2
59,54,2022-04-06 11:51:03,A04-2,5
60,22,2026-01-12 22:04:00,F17-2,5
61,44,2024-03-14 19:35:15,F08-9,1
62,56,2020-03-16 17:17:00,G03-6,1
63,31,2020-08-02 22:40:17,A38-7,2
64,16,2019-04-15 18:26:17,B07-9,4
65,19,2019-02-18 21:22:29,E07-2,4
66,45,2020-06-10 09:18:07,G34-3,2
67,49,2022-06-06 10:56:32,F05-7,5
68,42,2016-04-01 13:32:09,A26-3,
69,4,2024-04-22 18:00:36,A28-5,3
70,26,2017-05-01 19:54:02,A24-1,1
71,17,2022-06-12 09:23:08,E07-8,
72,17,2021-08-29 15:02:01,B17-4,4
73,33,2026-01-10 09:45:05,E13-9,2
74,32,2018-01-02 21:23:59,D09-3,
75,29,2022-11-08 19:31:38,A35-3,2
76,18,2019-05-25 20:41:53,F24-8,1
77,35,2023-11-08 15:25:27,D19-6,3
78,27,2025-03-30 08:01:44,F13-4,3
79,15,2023-11-26 13:37:30,E10-6,3
80,51,2022-04-14 07:09:38,B23-5,5
81,45,2023-12-15 19:32:50,F36-8,1
82,33,2022-08-30 21:17:46,E14-2,3
83,19,2018-07-15 19:56:05,G30-6,1
84,15,2017-07-09 06:17:29,B28-3,1
85,35,2018-04-19 13:54:10,C34-4,4
86,37,2022-02-01 10:29:31,F27-1,3
87,55,2023-07-15 21:30:56,A26-1,5
88,10,2022-02-03 17:25:15,H04-9,3
89,51,2018-10-01 16:59:07,F19-5,3
90,28,2016-02-13 13:20:48,G39-7,2
91,7,2017-03-26 20:44:18,H01-6,2
92,31,2016-12-17 16:42:03,G23-3,
93,17,2024-11-02 19:54:40,F02-4,1
94,20,2020-11-03 13:12:55,F20-4,5
95,33,2023-03-14 21:33:19,C12-3,
96,45,2017-03-25 08:02:51,D24-6,2
97,34,2019-10-30 07:37:39,E20-4,4
98,55,2016-06-09 20:28:20,A13-6,
99,15,2021-11-26 13:34:56,D34-5,4
100,35,2025-11-03 17:25:05,B25-3,4
101,3,2018-12-13 20:32:32,G22-6,1
102,19,2016-08-10 12:27:20,G20-6,1
103,21,2018-04-27 15:38:14,E17-4,2
104,37,2019-03-31 18:43:18,D28-6,2
105,58,2020-06-21 19:04:22,A26-6,5
106,27,2025-02-07 06:09:41,B39-7,
107,55,2021-10-28 09:16:58,H27-7,3
108,57,2026-01-07 22:32:17,G34-1,3
109,15,2018-09-26 15:46:31,G27-5,5
110,57,2021-12-20 21:11:14,G38-4,4
111,14,2016-12-20 13:05:41,C37-6,
112,16,2019-09-07 21:32:02,D15-9,4
113,56,2020-09-24 10:38:22,F07-5,4
114,21,2017-02-03 17:41:21,B01-7,2
115,2,2023-09-16 13:12:25,B17-4,3
116,9,2023-12-29 19:50:07,G09-8,2
117,14,2016-09-01 07:55:20,H37-1,3
118,44,2022-01-18 09:47:41,E24-4,4
119,12,2019-07-19 17:19:22,E09-1,2
120,56,2020-11-22 16:14:59,F02-6,5
