shipment_id,tracking_ref,origin_warehouse_id,dest_warehouse_id,carrier_id,dispatched_at,delivered_at,gross_weight_kg,status
7000000,TRK7000000S,7,5,3,2025-08-21 18:07:57,,19838.655,IN_TRANSIT
7000001,TRK7000001X,2,6,8,2025-09-09 20:58:09,2025-09-25 01:58:09,7396.458,DELIVERED
7000002,TRK7000002H,8,9,8,2025-04-13 22:42:56,,8300.626,BOOKED
7000003,TRK7000003V,4,2,4,2025-09-15 21:13:11,2025-10-04 04:13:11,23750.283,DELIVERED
7000004,TRK7000004C,7,6,1,2025-06-04 10:06:18,,20636.467,BOOKED
7000005,TRK7000005N,4,6,2,2025-09-14 06:46:03,,26792.597,IN_TRANSIT
7000006,TRK7000006M,6,1,1,2026-03-25 22:31:57,2026-04-02 06:31:57,12959.250,DELIVERED
7000007,TRK7000007R,6,2,,2026-03-12 08:28:59,2026-03-31 16:28:59,2211.603,DELIVERED
7000008,TRK7000008Z,7,4,,2026-04-15 16:27:01,,24924.622,BOOKED
7000009,TRK7000009Q,6,9,1,2025-01-13 15:48:33,,13219.547,BOOKED
7000010,TRK7000010B,2,4,6,2025-03-24 11:17:33,,25285.826,EXCEPTION
7000011,TRK7000011D,6,5,3,2025-06-12 20:43:46,2025-06-24 13:43:46,12517.660,DELIVERED
7000012,TRK7000012K,4,6,7,2025-08-06 20:24:59,,19660.091,BOOKED
7000013,TRK7000013C,1,8,7,2025-12-03 16:03:20,,24598.190,EXCEPTION
7000014,TRK7000014T,7,5,7,2026-05-18 10:59:19,,19782.307,BOOKED
7000015,TRK7000015R,3,9,,2026-01-07 22:23:59,,10652.157,EXCEPTION
7000016,TRK7000016Q,4,9,1,2025-09-03 15:10:45,2025-09-18 00:10:45,,DELIVERED
7000017,TRK7000017F,5,8,,2025-01-12 10:28:39,,22649.106,BOOKED
7000018,TRK7000018B,3,4,7,2025-05-20 16:20:01,,15784.259,EXCEPTION
7000019,TRK7000019J,8,3,,2025-02-20 09:16:22,,10373.920,EXCEPTION
7000020,TRK7000020S,9,7,8,2025-06-30 12:33:06,,22888.518,EXCEPTION
7000021,TRK7000021F,7,3,2,2025-07-10 09:11:40,,7982.247,EXCEPTION
7000022,TRK7000022Y,8,6,,2025-03-18 16:17:02,,12362.133,EXCEPTION
7000023,TRK7000023Y,3,4,1,2025-06-26 09:23:37,,26119.867,BOOKED
7000024,TRK7000024F,4,7,3,2026-04-27 09:35:02,,15992.474,IN_TRANSIT
7000025,TRK7000025H,10,6,4,2026-04-14 11:06:21,,8627.172,IN_TRANSIT
7000026,TRK7000026G,8,7,4,2025-11-16 21:27:24,,16783.007,BOOKED
7000027,TRK7000027Q,10,6,3,2026-05-01 21:49:41,2026-05-14 23:49:41,89.536,DELIVERED
7000028,TRK7000028Z,10,8,,2025-12-28 10:01:57,,7435.135,IN_TRANSIT
7000029,TRK7000029L,3,9,7,2025-05-24 06:32:53,,23279.401,EXCEPTION
7000030,TRK7000030Y,6,10,3,2026-07-30 17:50:53,,,BOOKED
7000031,TRK7000031W,10,4,5,2025-02-22 18:39:17,2025-03-12 08:39:17,6500.315,DELIVERED
7000032,TRK7000032S,8,6,,2025-11-14 14:00:42,,22178.512,EXCEPTION
7000033,TRK7000033F,2,3,,2025-07-05 22:04:49,,6024.532,IN_TRANSIT
7000034,TRK7000034B,1,8,,2026-04-14 19:20:48,,16319.365,EXCEPTION
7000035,TRK7000035C,5,4,,2025-10-14 18:00:59,,14203.259,EXCEPTION
7000036,TRK7000036N,3,10,8,2026-01-29 22:18:54,,27038.230,IN_TRANSIT
7000037,TRK7000037H,7,2,1,2025-01-24 20:45:22,,11709.814,IN_TRANSIT
7000038,TRK7000038K,8,6,,2025-04-12 11:00:03,2025-04-21 11:00:03,23938.736,DELIVERED
7000039,TRK7000039Q,1,8,5,2026-01-15 20:54:39,,2965.095,EXCEPTION
7000040,TRK7000040B,10,6,1,2025-08-30 10:19:54,,17557.775,EXCEPTION
7000041,TRK7000041S,5,10,2,2025-09-17 08:22:22,,15777.760,EXCEPTION
7000042,TRK7000042K,3,1,6,2025-02-05 22:51:36,,,EXCEPTION
7000043,TRK7000043P,5,8,4,2026-06-21 06:29:54,,15912.825,EXCEPTION
7000044,TRK7000044I,1,2,6,2025-06-12 14:33:30,,10594.604,BOOKED
7000045,TRK7000045S,6,5,2,2026-07-12 22:45:10,,18976.354,BOOKED
7000046,TRK7000046U,7,2,1,2026-03-19 08:14:25,,9770.785,BOOKED
7000047,TRK7000047E,6,10,8,2025-11-29 11:43:12,,19398.732,IN_TRANSIT
7000048,TRK7000048V,6,10,6,2025-03-01 10:33:12,2025-03-06 13:33:12,,DELIVERED
7000049,TRK7000049E,4,7,4,2025-03-31 20:22:56,2025-04-15 10:22:56,22633.395,DELIVERED
7000050,TRK7000050H,1,4,8,2026-06-24 16:23:17,,4102.700,BOOKED
7000051,TRK7000051J,6,7,4,2026-02-24 21:45:38,,14856.090,IN_TRANSIT
7000052,TRK7000052H,6,7,3,2026-01-05 07:20:56,,3855.029,BOOKED
7000053,TRK7000053X,5,4,8,2025-06-25 06:21:45,,15740.145,EXCEPTION
7000054,TRK7000054O,8,3,6,2026-03-01 18:42:56,,19564.168,BOOKED
7000055,TRK7000055M,6,9,1,2025-01-01 15:07:50,,19619.761,BOOKED
7000056,TRK7000056F,10,8,3,2025-01-01 09:23:36,,25568.116,IN_TRANSIT
7000057,TRK7000057I,7,5,3,2025-05-14 19:42:07,,24492.861,BOOKED
7000058,TRK7000058M,9,4,,2026-02-04 20:56:56,,21817.464,IN_TRANSIT
7000059,TRK7000059F,1,3,4,2025-12-10 18:26:41,2025-12-18 11:26:41,24156.725,DELIVERED
7000060,TRK7000060Z,1,9,4,2026-07-18 10:28:28,2026-08-03 21:28:28,6618.091,DELIVERED
7000061,TRK7000061D,2,6,1,2025-06-04 06:35:32,,25662.318,IN_TRANSIT
7000062,TRK7000062F,9,4,2,2026-05-03 19:30:38,2026-05-22 17:30:38,23396.213,DELIVERED
7000063,TRK7000063Y,8,6,3,2025-10-25 22:39:54,2025-11-05 21:39:54,22580.174,DELIVERED
7000064,TRK7000064Q,10,3,,2025-12-10 09:26:09,,13059.417,BOOKED
7000065,TRK7000065G,2,6,3,2026-03-10 06:55:33,,4785.193,EXCEPTION
7000066,TRK7000066P,3,10,8,2025-06-20 06:51:12,,4977.256,BOOKED
7000067,TRK7000067E,9,6,4,2025-05-30 14:44:57,2025-06-19 20:44:57,2139.493,DELIVERED
7000068,TRK7000068V,5,8,6,2025-09-01 16:41:44,,4295.343,IN_TRANSIT
7000069,TRK7000069Y,9,10,6,2025-12-25 21:22:10,,20718.333,EXCEPTION
7000070,TRK7000070I,7,2,5,2025-04-17 21:16:22,,17097.658,IN_TRANSIT
7000071,TRK7000071W,6,9,7,2026-06-24 07:52:12,,25082.635,BOOKED
7000072,TRK7000072P,5,9,,2026-01-07 20:34:56,,26951.632,BOOKED
7000073,TRK7000073C,7,5,1,2025-11-09 20:57:00,,18139.411,EXCEPTION
7000074,TRK7000074N,5,10,4,2026-01-06 12:36:58,2026-01-16 18:36:58,15792.764,DELIVERED
7000075,TRK7000075M,5,3,3,2025-08-25 11:47:09,,13443.397,IN_TRANSIT
7000076,TRK7000076C,2,5,5,2025-08-31 15:24:26,,12931.888,EXCEPTION
7000077,TRK7000077A,4,1,8,2025-12-18 19:50:21,,2116.440,EXCEPTION
7000078,TRK7000078V,8,4,4,2025-08-16 06:34:36,,10633.067,BOOKED
7000079,TRK7000079H,8,4,,2025-06-12 20:55:20,,21036.868,BOOKED
7000080,TRK7000080D,8,10,1,2026-06-10 21:53:11,,13369.844,IN_TRANSIT
7000081,TRK7000081L,5,8,3,2025-06-18 09:10:39,,7424.069,BOOKED
7000082,TRK7000082Y,5,2,3,2025-05-05 16:29:19,,25158.786,BOOKED
7000083,TRK7000083S,3,6,,2025-05-24 06:40:27,,1755.400,EXCEPTION
7000084,TRK7000084N,7,2,5,2025-08-20 07:04:15,2025-09-09 15:04:15,18702.537,DELIVERED
7000085,TRK7000085Z,4,2,,2026-04-01 22:32:41,,22457.461,IN_TRANSIT
7000086,TRK7000086B,6,4,6,2025-03-28 09:53:54,2025-04-08 04:53:54,18823.783,DELIVERED
7000087,TRK7000087X,1,7,8,2025-09-05 22:07:00,,,IN_TRANSIT
7000088,TRK7000088X,6,7,1,2026-01-19 21:19:01,,6222.641,EXCEPTION
7000089,TRK7000089B,6,4,8,2026-07-09 19:10:41,,15353.468,EXCEPTION
7000090,TRK7000090S,10,7,6,2026-06-19 14:44:38,,10860.046,IN_TRANSIT
7000091,TRK7000091T,2,8,8,2025-12-11 19:01:58,,27763.358,IN_TRANSIT
7000092,TRK7000092C,2,5,1,2025-04-22 10:57:11,,21407.465,BOOKED
7000093,TRK7000093Y,6,8,4,2025-07-07 07:52:08,2025-07-23 11:52:08,17324.478,DELIVERED
7000094,TRK7000094S,1,10,7,2025-01-27 07:08:44,2025-02-14 16:08:44,2351.078,DELIVERED
7000095,TRK7000095D,4,3,6,2025-10-26 18:41:31,,16838.049,BOOKED
7000096,TRK7000096E,5,4,,2025-08-09 17:08:29,2025-08-21 02:08:29,27550.213,DELIVERED
7000097,TRK7000097Z,7,9,5,2026-06-13 21:36:58,,17470.452,BOOKED
7000098,TRK7000098U,9,4,5,2025-02-13 21:23:41,,18301.504,BOOKED
7000099,TRK7000099Q,10,2,3,2025-05-05 19:26:23,,21712.892,BOOKED
7000100,TRK7000100U,8,3,4,2025-06-20 10:08:47,,26150.483,BOOKED
7000101,TRK7000101R,7,5,2,2026-05-26 09:54:00,,3566.935,IN_TRANSIT
7000102,TRK7000102D,1,5,6,2025-01-06 11:42:41,,13202.554,BOOKED
7000103,TRK7000103O,1,3,1,2025-02-08 07:32:11,,18364.495,BOOKED
7000104,TRK7000104V,5,1,8,2025-12-18 12:11:13,,7301.218,EXCEPTION
7000105,TRK7000105H,4,2,1,2025-10-14 20:17:02,,202.576,EXCEPTION
7000106,TRK7000106I,5,6,4,2025-04-11 19:46:54,2025-04-26 18:46:54,1958.477,DELIVERED
7000107,TRK7000107D,5,2,6,2025-10-03 09:09:50,,,EXCEPTION
7000108,TRK7000108A,5,7,6,2026-07-10 07:55:10,2026-07-14 07:55:10,9484.251,DELIVERED
7000109,TRK7000109P,3,6,3,2025-08-01 16:17:11,2025-08-20 16:17:11,5622.152,DELIVERED
7000110,TRK7000110T,3,10,6,2025-11-19 19:45:13,,11624.634,EXCEPTION
7000111,TRK7000111U,4,8,3,2025-02-28 19:46:03,,,IN_TRANSIT
7000112,TRK7000112P,2,3,,2025-01-02 06:16:24,2025-01-09 09:16:24,16305.548,DELIVERED
7000113,TRK7000113Z,8,4,8,2025-09-06 16:39:40,,,BOOKED
7000114,TRK7000114V,4,6,4,2025-12-31 10:37:16,,22425.597,IN_TRANSIT
7000115,TRK7000115V,3,8,1,2026-03-06 21:04:32,,17609.946,BOOKED
7000116,TRK7000116N,3,5,8,2026-03-08 14:01:24,2026-03-29 03:01:24,16337.465,DELIVERED
7000117,TRK7000117W,9,1,2,2026-04-16 20:31:34,,107.913,BOOKED
7000118,TRK7000118R,5,1,1,2025-07-14 10:38:52,,6596.336,EXCEPTION
7000119,TRK7000119S,5,3,3,2025-05-23 12:47:49,,8206.537,IN_TRANSIT
