leg_id,shipment_id,leg_seq,parent_leg_id,from_warehouse_id,to_warehouse_id,departed_at,arrived_at
1,7000000,1,,7,5,2025-08-21 18:07:57,2025-08-23 04:07:57
2,7000001,1,,2,6,2025-09-09 20:58:09,2025-09-11 09:58:09
3,7000002,1,,8,9,2025-04-13 22:42:56,2025-04-14 05:42:56
4,7000002,2,3,9,5,2025-04-14 13:42:56,2025-04-14 17:42:56
5,7000003,1,,4,8,2025-09-15 21:13:11,2025-09-16 08:13:11
6,7000003,2,5,8,6,2025-09-16 10:13:11,2025-09-17 10:13:11
7,7000003,3,6,6,2,2025-09-17 17:13:11,2025-09-19 00:13:11
8,7000004,1,,7,1,2025-06-04 10:06:18,2025-06-06 05:06:18
9,7000004,2,8,1,3,2025-06-06 09:06:18,2025-06-07 11:06:18
10,7000004,3,9,3,6,2025-06-07 15:06:18,2025-06-09 23:06:18
11,7000005,1,,4,6,2025-09-14 06:46:03,2025-09-14 17:46:03
12,7000006,1,,6,3,2026-03-25 22:31:57,2026-03-27 10:31:57
13,7000006,2,12,3,8,2026-03-27 16:31:57,2026-03-28 01:31:57
14,7000006,3,13,8,1,2026-03-28 09:31:57,2026-03-30 07:31:57
15,7000007,1,,6,2,2026-03-12 08:28:59,
16,7000008,1,,7,1,2026-04-15 16:27:01,2026-04-16 12:27:01
17,7000008,2,16,1,4,2026-04-16 22:27:01,2026-04-17 23:27:01
18,7000009,1,,6,4,2025-01-13 15:48:33,2025-01-14 15:48:33
19,7000009,2,18,4,9,2025-01-14 16:48:33,2025-01-14 20:48:33
20,7000010,1,,2,5,2025-03-24 11:17:33,2025-03-25 14:17:33
21,7000010,2,20,5,4,2025-03-26 01:17:33,2025-03-28 11:17:33
22,7000010,3,21,4,8,2025-03-28 12:17:33,2025-03-29 05:17:33
23,7000011,1,,6,2,2025-06-12 20:43:46,
24,7000011,2,23,2,8,2025-06-13 03:43:46,
25,7000011,3,24,8,5,2025-06-13 12:43:46,2025-06-14 21:43:46
26,7000012,1,,4,10,2025-08-06 20:24:59,2025-08-08 20:24:59
27,7000012,2,26,10,6,2025-08-09 07:24:59,
28,7000013,1,,1,8,2025-12-03 16:03:20,2025-12-03 23:03:20
29,7000014,1,,7,5,2026-05-18 10:59:19,2026-05-19 16:59:19
30,7000015,1,,3,4,2026-01-07 22:23:59,2026-01-08 04:23:59
31,7000015,2,30,4,10,2026-01-08 15:23:59,
32,7000015,3,31,10,9,2026-01-08 16:23:59,2026-01-09 06:23:59
33,7000016,1,,4,9,2025-09-03 15:10:45,2025-09-05 10:10:45
34,7000017,1,,5,8,2025-01-12 10:28:39,2025-01-13 15:28:39
35,7000018,1,,3,4,2025-05-20 16:20:01,
36,7000019,1,,8,6,2025-02-20 09:16:22,2025-02-21 03:16:22
37,7000019,2,36,6,3,2025-02-21 13:16:22,2025-02-22 00:16:22
38,7000020,1,,9,7,2025-06-30 12:33:06,2025-07-01 23:33:06
39,7000020,2,38,7,3,2025-07-02 10:33:06,
40,7000020,3,39,3,7,2025-07-02 12:33:06,
41,7000021,1,,7,3,2025-07-10 09:11:40,2025-07-11 00:11:40
42,7000022,1,,8,6,2025-03-18 16:17:02,2025-03-19 03:17:02
43,7000023,1,,3,6,2025-06-26 09:23:37,2025-06-27 02:23:37
44,7000023,2,43,6,4,2025-06-27 05:23:37,2025-06-27 23:23:37
45,7000024,1,,4,8,2026-04-27 09:35:02,2026-04-29 17:35:02
46,7000024,2,45,8,7,2026-04-29 20:35:02,2026-05-01 16:35:02
47,7000025,1,,10,3,2026-04-14 11:06:21,2026-04-16 16:06:21
48,7000025,2,47,3,8,2026-04-17 02:06:21,2026-04-17 19:06:21
49,7000025,3,48,8,6,2026-04-17 21:06:21,2026-04-19 21:06:21
50,7000026,1,,8,5,2025-11-16 21:27:24,2025-11-18 00:27:24
51,7000026,2,50,5,7,2025-11-18 08:27:24,2025-11-19 12:27:24
52,7000027,1,,10,6,2026-05-01 21:49:41,2026-05-02 04:49:41
53,7000028,1,,10,1,2025-12-28 10:01:57,2025-12-29 13:01:57
54,7000028,2,53,1,5,2025-12-29 15:01:57,
55,7000028,3,54,5,8,2025-12-30 00:01:57,2025-12-30 18:01:57
56,7000029,1,,3,9,2025-05-24 06:32:53,2025-05-24 13:32:53
57,7000030,1,,6,4,2026-07-30 17:50:53,2026-08-01 09:50:53
58,7000030,2,57,4,5,2026-08-01 17:50:53,2026-08-02 11:50:53
59,7000030,3,58,5,10,2026-08-02 17:50:53,2026-08-03 14:50:53
60,7000031,1,,10,2,2025-02-22 18:39:17,2025-02-24 07:39:17
61,7000031,2,60,2,3,2025-02-24 18:39:17,2025-02-26 10:39:17
62,7000031,3,61,3,4,2025-02-26 21:39:17,2025-02-27 12:39:17
63,7000032,1,,8,6,2025-11-14 14:00:42,2025-11-16 17:00:42
64,7000033,1,,2,8,2025-07-05 22:04:49,2025-07-07 02:04:49
65,7000033,2,64,8,3,2025-07-07 07:04:49,2025-07-09 16:04:49
66,7000033,3,65,3,4,2025-07-09 22:04:49,
67,7000034,1,,1,6,2026-04-14 19:20:48,2026-04-16 21:20:48
68,7000034,2,67,6,2,2026-04-17 06:20:48,2026-04-17 18:20:48
69,7000034,3,68,2,8,2026-04-18 03:20:48,2026-04-19 01:20:48
70,7000035,1,,5,4,2025-10-14 18:00:59,2025-10-16 07:00:59
71,7000036,1,,3,2,2026-01-29 22:18:54,2026-01-31 23:18:54
72,7000036,2,71,2,9,2026-02-01 00:18:54,2026-02-01 23:18:54
73,7000036,3,72,9,10,2026-02-02 10:18:54,2026-02-03 03:18:54
74,7000037,1,,7,2,2025-01-24 20:45:22,2025-01-26 21:45:22
75,7000038,1,,8,2,2025-04-12 11:00:03,
76,7000038,2,75,2,6,2025-04-12 18:00:03,
77,7000039,1,,1,8,2026-01-15 20:54:39,2026-01-17 17:54:39
78,7000039,2,77,8,10,2026-01-17 19:54:39,2026-01-19 18:54:39
79,7000039,3,78,10,8,2026-01-19 23:54:39,
80,7000040,1,,10,2,2025-08-30 10:19:54,2025-08-31 07:19:54
81,7000040,2,80,2,5,2025-08-31 14:19:54,2025-09-02 07:19:54
82,7000040,3,81,5,6,2025-09-02 14:19:54,2025-09-04 13:19:54
83,7000041,1,,5,7,2025-09-17 08:22:22,
84,7000041,2,83,7,10,2025-09-17 10:22:22,2025-09-17 16:22:22
85,7000042,1,,3,7,2025-02-05 22:51:36,2025-02-06 20:51:36
86,7000042,2,85,7,1,2025-02-07 04:51:36,2025-02-07 11:51:36
87,7000043,1,,5,8,2026-06-21 06:29:54,
88,7000044,1,,1,9,2025-06-12 14:33:30,2025-06-14 15:33:30
89,7000044,2,88,9,2,2025-06-14 22:33:30,2025-06-16 04:33:30
90,7000045,1,,6,7,2026-07-12 22:45:10,2026-07-13 19:45:10
91,7000045,2,90,7,4,2026-07-14 04:45:10,2026-07-15 03:45:10
92,7000045,3,91,4,5,2026-07-15 08:45:10,2026-07-16 13:45:10
93,7000046,1,,7,2,2026-03-19 08:14:25,2026-03-21 01:14:25
94,7000047,1,,6,3,2025-11-29 11:43:12,
95,7000047,2,94,3,1,2025-11-29 21:43:12,2025-12-01 07:43:12
96,7000047,3,95,1,10,2025-12-01 11:43:12,2025-12-01 23:43:12
97,7000048,1,,6,10,2025-03-01 10:33:12,2025-03-03 02:33:12
98,7000049,1,,4,5,2025-03-31 20:22:56,2025-04-02 08:22:56
99,7000049,2,98,5,2,2025-04-02 17:22:56,2025-04-03 09:22:56
100,7000049,3,99,2,7,2025-04-03 13:22:56,
101,7000050,1,,1,7,2026-06-24 16:23:17,2026-06-24 20:23:17
102,7000050,2,101,7,4,2026-06-25 05:23:17,2026-06-27 15:23:17
103,7000051,1,,6,7,2026-02-24 21:45:38,2026-02-27 03:45:38
104,7000052,1,,6,7,2026-01-05 07:20:56,2026-01-07 16:20:56
105,7000053,1,,5,4,2025-06-25 06:21:45,
106,7000054,1,,8,3,2026-03-01 18:42:56,
107,7000054,2,106,3,5,2026-03-01 22:42:56,2026-03-03 05:42:56
108,7000055,1,,6,3,2025-01-01 15:07:50,2025-01-03 02:07:50
109,7000055,2,108,3,6,2025-01-03 11:07:50,2025-01-03 15:07:50
110,7000055,3,109,6,9,2025-01-04 00:07:50,2025-01-05 03:07:50
111,7000056,1,,10,8,2025-01-01 09:23:36,2025-01-02 05:23:36
112,7000057,1,,7,2,2025-05-14 19:42:07,2025-05-15 21:42:07
113,7000057,2,112,2,5,2025-05-15 23:42:07,2025-05-17 01:42:07
114,7000058,1,,9,4,2026-02-04 20:56:56,2026-02-06 22:56:56
115,7000059,1,,1,5,2025-12-10 18:26:41,2025-12-11 03:26:41
116,7000059,2,115,5,6,2025-12-11 14:26:41,
117,7000059,3,116,6,3,2025-12-11 21:26:41,
118,7000060,1,,1,5,2026-07-18 10:28:28,2026-07-18 20:28:28
119,7000060,2,118,5,10,2026-07-18 22:28:28,2026-07-19 18:28:28
120,7000060,3,119,10,9,2026-07-20 04:28:28,
121,7000061,1,,2,1,2025-06-04 06:35:32,2025-06-04 11:35:32
122,7000061,2,121,1,6,2025-06-04 15:35:32,2025-06-06 17:35:32
123,7000061,3,122,6,10,2025-06-06 22:35:32,2025-06-09 02:35:32
124,7000062,1,,9,4,2026-05-03 19:30:38,2026-05-05 14:30:38
125,7000063,1,,8,6,2025-10-25 22:39:54,2025-10-26 10:39:54
126,7000064,1,,10,5,2025-12-10 09:26:09,2025-12-11 08:26:09
127,7000064,2,126,5,8,2025-12-11 17:26:09,
128,7000064,3,127,8,3,2025-12-11 18:26:09,2025-12-13 21:26:09
129,7000065,1,,2,6,2026-03-10 06:55:33,
130,7000065,2,129,6,1,2026-03-10 08:55:33,2026-03-10 20:55:33
131,7000065,3,130,1,6,2026-03-11 06:55:33,2026-03-11 15:55:33
132,7000066,1,,3,7,2025-06-20 06:51:12,
133,7000066,2,132,7,3,2025-06-20 07:51:12,2025-06-22 18:51:12
134,7000066,3,133,3,10,2025-06-23 00:51:12,2025-06-25 07:51:12
135,7000067,1,,9,10,2025-05-30 14:44:57,2025-05-31 09:44:57
136,7000067,2,135,10,4,2025-05-31 11:44:57,2025-05-31 16:44:57
137,7000067,3,136,4,6,2025-05-31 21:44:57,2025-06-01 04:44:57
138,7000068,1,,5,6,2025-09-01 16:41:44,2025-09-02 03:41:44
139,7000068,2,138,6,2,2025-09-02 06:41:44,2025-09-02 11:41:44
140,7000068,3,139,2,8,2025-09-02 20:41:44,
141,7000069,1,,9,3,2025-12-25 21:22:10,2025-12-27 06:22:10
142,7000069,2,141,3,10,2025-12-27 15:22:10,2025-12-28 03:22:10
143,7000070,1,,7,2,2025-04-17 21:16:22,2025-04-19 13:16:22
144,7000071,1,,6,2,2026-06-24 07:52:12,
145,7000071,2,144,2,3,2026-06-24 12:52:12,2026-06-26 18:52:12
146,7000071,3,145,3,9,2026-06-26 20:52:12,2026-06-29 07:52:12
147,7000072,1,,5,9,2026-01-07 20:34:56,
148,7000073,1,,7,3,2025-11-09 20:57:00,2025-11-11 06:57:00
149,7000073,2,148,3,5,2025-11-11 09:57:00,2025-11-13 19:57:00
150,7000074,1,,5,3,2026-01-06 12:36:58,2026-01-07 00:36:58
151,7000074,2,150,3,7,2026-01-07 03:36:58,2026-01-07 20:36:58
152,7000074,3,151,7,10,2026-01-08 07:36:58,2026-01-10 07:36:58
153,7000075,1,,5,1,2025-08-25 11:47:09,2025-08-27 10:47:09
154,7000075,2,153,1,3,2025-08-27 19:47:09,
155,7000076,1,,2,5,2025-08-31 15:24:26,2025-09-01 19:24:26
156,7000077,1,,4,1,2025-12-18 19:50:21,2025-12-19 13:50:21
157,7000078,1,,8,5,2025-08-16 06:34:36,
158,7000078,2,157,5,4,2025-08-16 13:34:36,2025-08-17 13:34:36
159,7000079,1,,8,5,2025-06-12 20:55:20,2025-06-15 03:55:20
160,7000079,2,159,5,4,2025-06-15 12:55:20,
161,7000080,1,,8,4,2026-06-10 21:53:11,2026-06-12 21:53:11
162,7000080,2,161,4,9,2026-06-13 02:53:11,2026-06-13 07:53:11
163,7000080,3,162,9,10,2026-06-13 08:53:11,2026-06-15 13:53:11
164,7000081,1,,5,4,2025-06-18 09:10:39,2025-06-19 07:10:39
165,7000081,2,164,4,9,2025-06-19 13:10:39,2025-06-21 19:10:39
166,7000081,3,165,9,8,2025-06-22 06:10:39,2025-06-24 16:10:39
167,7000082,1,,5,2,2025-05-05 16:29:19,2025-05-07 00:29:19
168,7000083,1,,3,6,2025-05-24 06:40:27,
169,7000084,1,,7,10,2025-08-20 07:04:15,
170,7000084,2,169,10,2,2025-08-20 14:04:15,2025-08-21 11:04:15
171,7000085,1,,4,2,2026-04-01 22:32:41,2026-04-04 06:32:41
172,7000086,1,,6,5,2025-03-28 09:53:54,2025-03-29 20:53:54
173,7000086,2,172,5,6,2025-03-30 06:53:54,
174,7000086,3,173,6,4,2025-03-30 10:53:54,2025-03-31 11:53:54
175,7000087,1,,1,7,2025-09-05 22:07:00,
176,7000088,1,,6,7,2026-01-19 21:19:01,2026-01-20 09:19:01
177,7000088,2,176,7,1,2026-01-20 20:19:01,2026-01-23 06:19:01
178,7000088,3,177,1,7,2026-01-23 17:19:01,2026-01-26 00:19:01
179,7000089,1,,6,7,2026-07-09 19:10:41,2026-07-11 03:10:41
180,7000089,2,179,7,5,2026-07-11 12:10:41,2026-07-13 10:10:41
181,7000089,3,180,5,4,2026-07-13 19:10:41,2026-07-14 12:10:41
182,7000090,1,,10,1,2026-06-19 14:44:38,2026-06-21 19:44:38
183,7000090,2,182,1,7,2026-06-21 20:44:38,2026-06-22 04:44:38
184,7000091,1,,2,1,2025-12-11 19:01:58,2025-12-11 23:01:58
185,7000091,2,184,1,8,2025-12-12 02:01:58,2025-12-12 18:01:58
186,7000092,1,,2,5,2025-04-22 10:57:11,2025-04-23 10:57:11
187,7000093,1,,6,8,2025-07-07 07:52:08,2025-07-07 19:52:08
188,7000094,1,,1,10,2025-01-27 07:08:44,2025-01-29 10:08:44
189,7000095,1,,4,3,2025-10-26 18:41:31,2025-10-28 22:41:31
190,7000096,1,,5,4,2025-08-09 17:08:29,2025-08-11 23:08:29
191,7000097,1,,7,9,2026-06-13 21:36:58,2026-06-15 05:36:58
192,7000098,1,,9,5,2025-02-13 21:23:41,
193,7000098,2,192,5,4,2025-02-14 01:23:41,
194,7000099,1,,10,2,2025-05-05 19:26:23,2025-05-06 15:26:23
195,7000100,1,,8,1,2025-06-20 10:08:47,2025-06-21 21:08:47
196,7000100,2,195,1,9,2025-06-22 03:08:47,
197,7000100,3,196,9,3,2025-06-22 06:08:47,2025-06-24 15:08:47
198,7000101,1,,7,2,2026-05-26 09:54:00,2026-05-28 20:54:00
199,7000101,2,198,2,5,2026-05-29 04:54:00,
200,7000102,1,,1,6,2025-01-06 11:42:41,2025-01-08 16:42:41
201,7000102,2,200,6,5,2025-01-08 18:42:41,2025-01-10 13:42:41
202,7000103,1,,1,3,2025-02-08 07:32:11,
203,7000104,1,,5,1,2025-12-18 12:11:13,
204,7000105,1,,4,2,2025-10-14 20:17:02,2025-10-15 23:17:02
205,7000105,2,204,2,8,2025-10-16 09:17:02,2025-10-17 19:17:02
206,7000106,1,,5,4,2025-04-11 19:46:54,2025-04-13 13:46:54
207,7000106,2,206,4,5,2025-04-13 20:46:54,2025-04-15 03:46:54
208,7000106,3,207,5,6,2025-04-15 06:46:54,
209,7000107,1,,5,8,2025-10-03 09:09:50,2025-10-04 03:09:50
210,7000107,2,209,8,2,2025-10-04 10:09:50,2025-10-05 16:09:50
211,7000108,1,,5,1,2026-07-10 07:55:10,2026-07-12 01:55:10
212,7000108,2,211,1,7,2026-07-12 10:55:10,2026-07-13 22:55:10
213,7000109,1,,3,6,2025-08-01 16:17:11,2025-08-02 14:17:11
214,7000110,1,,3,8,2025-11-19 19:45:13,2025-11-21 06:45:13
215,7000110,2,214,8,10,2025-11-21 09:45:13,2025-11-23 13:45:13
216,7000111,1,,4,8,2025-02-28 19:46:03,2025-03-01 03:46:03
217,7000112,1,,2,1,2025-01-02 06:16:24,2025-01-03 21:16:24
218,7000112,2,217,1,7,2025-01-03 23:16:24,2025-01-06 08:16:24
219,7000112,3,218,7,3,2025-01-06 19:16:24,2025-01-09 05:16:24
220,7000113,1,,8,4,2025-09-06 16:39:40,2025-09-07 09:39:40
221,7000114,1,,4,6,2025-12-31 10:37:16,2026-01-02 05:37:16
222,7000115,1,,3,2,2026-03-06 21:04:32,2026-03-08 07:04:32
223,7000115,2,222,2,8,2026-03-08 11:04:32,2026-03-09 07:04:32
224,7000116,1,,3,8,2026-03-08 14:01:24,2026-03-09 04:01:24
225,7000116,2,224,8,5,2026-03-09 13:01:24,2026-03-10 16:01:24
226,7000117,1,,9,5,2026-04-16 20:31:34,2026-04-18 18:31:34
227,7000117,2,226,5,1,2026-04-19 05:31:34,2026-04-20 09:31:34
228,7000118,1,,5,1,2025-07-14 10:38:52,
229,7000118,2,228,1,7,2025-07-14 18:38:52,2025-07-16 12:38:52
230,7000118,3,229,7,1,2025-07-16 23:38:52,2025-07-18 20:38:52
231,7000119,1,,5,3,2025-05-23 12:47:49,
