employee_id,first_name,last_name,email,hire_date,job_id,salary,commission_pct,manager_id,department_id
200,Asha,Costa,acosta200@example.com,2018-10-04 11:00:07,AD_PRES,20887.83,,,10
201,Samir,Larsen,slarsen201@example.com,2022-02-27 19:58:23,AD_VP,29725.60,,200,20
202,Zara,Ivanov,zivanov202@example.com,2025-08-01 16:39:07,AD_VP,20428.12,,200,30
203,Kiran,Eriksen,keriksen203@example.com,2022-07-03 11:49:55,AD_VP,18409.15,,200,40
204,Rosa,Pereira,rpereira204@example.com,2016-03-14 10:34:39,AD_VP,19755.94,,200,50
205,Asha,Ueda,aueda205@example.com,2024-07-04 22:24:10,AD_VP,26120.72,,200,60
206,Clara,Costa,ccosta206@example.com,2016-04-09 14:40:45,HR_PART,6284.36,,203,70
207,Yusuf,Larsen,ylarsen207@example.com,2025-04-08 12:14:32,HR_PART,10771.11,,206,30
208,Clara,Silva,csilva208@example.com,2017-04-16 10:37:09,IT_LEAD,15442.93,,203,20
209,Petra,Zielinski,pzielinski209@example.com,2025-11-11 15:30:05,FI_MGR,14209.08,,206,10
210,Ines,Ferrari,iferrari210@example.com,2020-07-03 08:22:03,OP_CLERK,3861.29,,201,50
211,Rosa,Abioye,rabioye211@example.com,2018-06-10 20:57:23,FI_ACCT,5002.31,,203,80
212,Mateo,Quiroga,mquiroga212@example.com,2023-03-03 07:02:48,IT_LEAD,13272.62,,203,20
213,Yusuf,Okafor,yokafor213@example.com,2016-08-19 06:56:32,IT_LEAD,12261.47,,206,40
214,Mateo,Tanaka,mtanaka214@example.com,2018-05-19 20:20:01,SA_MAN,15959.59,0.132,204,40
215,Samir,Mwangi,smwangi215@example.com,2016-09-25 22:09:48,SA_MAN,13305.66,0.071,201,60
216,Nadia,Abioye,nabioye216@example.com,2020-11-04 12:17:24,OP_CLERK,3924.02,,206,60
217,Farid,Abioye,fabioye217@example.com,2020-04-27 16:24:15,FI_MGR,11974.74,,206,30
218,Wen,Rossi,wrossi218@example.com,2021-03-29 20:39:47,FI_ACCT,8363.96,,206,50
219,Omar,Tanaka,otanaka219@example.com,2018-01-07 09:19:58,SU_AGENT,3529.28,,201,70
220,Samir,Silva,ssilva220@example.com,2023-05-11 07:16:06,SU_AGENT,5595.80,,203,50
221,Greta,Okafor,gokafor221@example.com,2015-04-03 21:19:28,IT_PROG,9909.54,,201,50
222,Xiomara,Rossi,xrossi222@example.com,2019-07-12 13:00:20,OP_CLERK,5397.44,,203,10
223,Viktor,Ueda,vueda223@example.com,2017-11-01 06:19:34,OP_CLERK,4184.62,,204,20
224,Rosa,Silva,rsilva224@example.com,2015-10-17 13:15:12,LG_COUNSEL,11356.04,,206,80
225,Bruno,Silva,bsilva225@example.com,2024-08-16 11:20:10,IT_LEAD,11926.01,,205,30
226,Mateo,Costa,mcosta226@example.com,2015-11-02 08:52:51,LG_COUNSEL,15681.28,,205,50
227,Bruno,Abioye,babioye227@example.com,2023-06-16 14:14:40,LG_COUNSEL,11075.53,,204,60
228,Wen,Kowalski,wkowalski228@example.com,2023-04-04 18:42:59,IT_LEAD,11338.24,,202,10
229,Kiran,Nakamura,knakamura229@example.com,2022-05-30 15:11:10,SA_MAN,19773.51,0.014,206,20
230,Lena,Ferrari,lferrari230@example.com,2020-12-16 11:17:05,IT_LEAD,12595.23,,202,10
231,Bruno,Eriksen,beriksen231@example.com,2019-04-22 10:13:44,IT_LEAD,15216.85,,201,40
232,Omar,Ivanov,oivanov232@example.com,2019-01-30 12:40:11,SA_REP,8717.01,0.216,206,50
233,Yusuf,Kowalski,ykowalski233@example.com,2022-08-12 06:30:07,IT_PROG,8333.99,,205,80
234,Tove,Baranov,tbaranov234@example.com,2016-04-29 19:32:16,SA_REP,9771.27,0.278,202,70
235,Elena,Jansen,ejansen235@example.com,2025-01-28 21:32:49,SU_AGENT,4515.76,,201,60
236,Kiran,Okafor,kokafor236@example.com,2025-10-04 20:33:45,LG_COUNSEL,10509.01,,203,
237,Elena,Abioye,eabioye237@example.com,2019-12-12 07:27:07,SA_MAN,18431.81,0.148,206,20
238,Omar,Pereira,opereira238@example.com,2024-07-08 13:45:00,OP_CLERK,3307.00,,205,50
239,Farid,Tanaka,ftanaka239@example.com,2020-10-12 12:26:32,IT_PROG,4593.73,,205,50
240,Yusuf,Ivanov,yivanov240@example.com,2023-12-21 09:00:21,SA_MAN,17923.83,0.071,204,30
241,Dmitri,Eriksen,deriksen241@example.com,2019-04-01 16:55:25,HR_PART,7584.41,,203,10
242,Viktor,Ivanov,vivanov242@example.com,2019-11-06 20:27:34,IT_PROG,4617.94,,202,70
243,Wen,Haddad,whaddad243@example.com,2016-11-12 19:57:03,IT_PROG,7086.04,,204,20
244,Kiran,Dubois,kdubois244@example.com,2025-05-17 16:53:44,IT_LEAD,13724.11,,201,80
245,Hugo,Ueda,hueda245@example.com,2019-02-23 16:32:26,IT_LEAD,9876.61,,201,20
246,Omar,Nakamura,onakamura246@example.com,2023-06-26 12:52:08,SU_AGENT,4336.51,,202,40
247,Quentin,Ivanov,qivanov247@example.com,2023-11-19 08:24:51,OP_CLERK,4397.79,,204,50
248,Omar,Larsen,olarsen248@example.com,2025-09-29 13:10:02,IT_PROG,8140.52,,206,50
249,Petra,Vasquez,pvasquez249@example.com,2021-06-20 22:52:50,HR_PART,7944.15,,206,30
250,Xiomara,Abioye,xabioye250@example.com,2016-05-10 12:52:50,HR_PART,8426.11,,205,10
251,Asha,Pereira,apereira251@example.com,2025-11-27 12:04:08,IT_LEAD,14642.11,,201,40
252,Bruno,Ivanov,bivanov252@example.com,2018-11-03 09:20:28,IT_LEAD,11172.70,,205,80
253,Viktor,Abioye,vabioye253@example.com,2019-04-15 19:20:19,SU_AGENT,5054.22,,204,70
254,Ines,Kowalski,ikowalski254@example.com,2025-10-17 16:34:36,SA_REP,8783.20,0.341,205,40
255,Xiomara,Eriksen,xeriksen255@example.com,2022-06-12 15:37:28,SA_MAN,13419.03,0.146,204,50
256,Wen,Baranov,wbaranov256@example.com,2020-12-03 11:03:40,IT_LEAD,13109.48,,204,30
257,Elena,Costa,ecosta257@example.com,2022-12-15 14:38:08,SU_AGENT,4666.97,,203,60
258,Wen,Dubois,wdubois258@example.com,2025-08-25 08:47:07,IT_PROG,9428.77,,204,80
259,Petra,Eriksen,periksen259@example.com,2019-05-26 13:01:54,LG_COUNSEL,10667.38,,204,70
260,Ursula,Rossi,urossi260@example.com,2021-02-25 14:56:07,HR_PART,7503.36,,204,40
261,Samir,Baranov,sbaranov261@example.com,2023-03-03 19:44:27,FI_ACCT,7825.24,,203,30
262,Ursula,Vasquez,uvasquez262@example.com,2021-01-25 17:53:41,LG_COUNSEL,10352.92,,201,50
263,Clara,Nakamura,cnakamura263@example.com,2018-05-18 15:37:06,FI_ACCT,8771.68,,201,20
264,Xiomara,Pereira,xpereira264@example.com,2016-08-18 10:44:11,IT_PROG,5312.12,,203,70
265,Mateo,Tanaka,mtanaka265@example.com,2024-06-21 09:46:46,IT_PROG,5764.33,,206,50
266,Petra,Jansen,pjansen266@example.com,2017-11-29 22:11:19,IT_LEAD,11175.34,,201,30
267,Rosa,Eriksen,reriksen267@example.com,2018-03-10 13:51:28,SA_MAN,13677.54,0.183,201,50
268,Clara,Yilmaz,cyilmaz268@example.com,2021-09-08 06:47:22,LG_COUNSEL,9112.67,,205,20
269,Jonas,Ueda,jueda269@example.com,2022-11-30 11:28:56,LG_COUNSEL,9808.91,,202,20
