employee_id,start_date,end_date,job_id,department_id
205,2019-06-21 20:30:11,2023-07-09 20:30:11,SA_REP,70
206,2016-02-15 11:41:22,2018-05-05 11:41:22,SA_MAN,50
207,2019-01-08 21:50:40,2022-06-27 21:50:40,AD_VP,
207,2021-01-31 20:05:58,2023-04-07 20:05:58,SA_MAN,20
212,2020-12-05 22:34:34,2022-01-21 22:34:34,HR_PART,80
214,2014-11-05 16:17:49,2017-07-15 16:17:49,SA_MAN,20
215,2012-10-10 20:06:25,2014-04-22 20:06:25,IT_PROG,50
217,2012-05-25 21:09:39,2014-03-05 21:09:39,FI_ACCT,10
218,2015-07-27 21:41:44,2018-02-25 21:41:44,OP_CLERK,10
218,2021-07-18 13:57:54,,FI_ACCT,10
221,2016-04-05 06:00:26,2019-11-01 06:00:26,IT_LEAD,10
221,2018-02-25 11:29:54,,SA_MAN,80
222,2014-08-28 12:38:36,2016-01-06 12:38:36,LG_COUNSEL,
222,2021-06-13 10:36:37,2024-07-30 10:36:37,OP_CLERK,30
223,2021-08-12 16:56:21,2022-12-17 16:56:21,FI_MGR,40
225,2022-01-08 10:46:10,2025-10-27 10:46:10,IT_PROG,70
226,2013-01-07 16:56:59,2014-05-05 16:56:59,SU_AGENT,60
226,2021-12-07 10:54:34,2022-06-22 10:54:34,SA_MAN,50
228,2023-06-23 12:15:26,2025-11-01 12:15:26,OP_CLERK,70
230,2014-06-24 17:37:52,2016-11-21 17:37:52,OP_CLERK,80
232,2016-06-01 09:20:10,2017-11-30 09:20:10,AD_VP,70
232,2019-10-22 07:21:28,2022-01-02 07:21:28,HR_PART,10
234,2018-08-25 13:24:46,2020-10-10 13:24:46,OP_CLERK,30
237,2019-06-20 20:33:11,,AD_VP,50
240,2014-07-12 17:50:36,2016-01-15 17:50:36,FI_ACCT,
240,2020-06-30 16:21:59,2024-06-03 16:21:59,OP_CLERK,20
241,2012-08-10 07:37:27,2014-04-05 07:37:27,IT_PROG,
243,2013-04-27 16:34:03,,LG_COUNSEL,40
245,2016-10-02 21:40:28,2018-02-14 21:40:28,FI_ACCT,60
245,2022-02-23 13:37:23,2023-11-25 13:37:23,SA_REP,40
246,2022-07-30 11:52:28,2024-04-10 11:52:28,SA_MAN,30
247,2022-05-05 16:21:35,2023-09-06 16:21:35,IT_LEAD,70
250,2016-02-09 12:29:34,2017-12-11 12:29:34,SA_REP,20
251,2012-12-18 15:16:01,2014-11-17 15:16:01,FI_MGR,60
254,2015-09-27 14:58:44,,OP_CLERK,50
256,2017-05-16 18:10:07,2017-10-26 18:10:07,IT_LEAD,20
260,2014-03-17 10:14:31,,FI_ACCT,60
265,2012-10-07 16:44:47,2013-09-20 16:44:47,SA_REP,50
266,2019-11-06 16:22:08,,IT_PROG,
268,2012-02-04 13:29:22,2015-10-12 13:29:22,AD_VP,50
